Sample_ID,Timestamp,Location_ID,City,State,Actual_Microplastic_Count,Predicted_Microplastic_Count,Prediction_Error,Absolute_Error,Predicted_Risk_Level
SMP-2026-0001,2026-01-01 00:00:00,LOC-107,Miami,Fl,552,538.71,13.289999999999964,13.289999999999964,High
SMP-2026-0002,2026-01-01 04:00:00,LOC-104,New York,Ny,422,412.79,9.20999999999998,9.20999999999998,High
SMP-2026-0003,2026-01-01 08:00:00,LOC-108,Philadelphia,Pa,39,41.98,-2.979999999999997,2.979999999999997,Low
SMP-2026-0004,2026-01-01 12:00:00,LOC-105,Seattle,Wa,529,564.11,-35.110000000000014,35.110000000000014,High
SMP-2026-0005,2026-01-01 16:00:00,LOC-107,Miami,Fl,87,78.94333333333333,8.056666666666672,8.056666666666672,Low
SMP-2026-0006,2026-01-01 20:00:00,LOC-110,Annapolis,Md,1055,901.1266666666667,153.87333333333333,153.87333333333333,Critical
SMP-2026-0007,2026-01-02 00:00:00,LOC-103,San Francisco,Ca,64,57.60333333333333,6.396666666666668,6.396666666666668,Low
SMP-2026-0008,2026-01-02 04:00:00,LOC-107,Miami,Fl,533,514.1233333333333,18.876666666666665,18.876666666666665,High
SMP-2026-0009,2026-01-02 08:00:00,LOC-108,Philadelphia,Pa,72,70.33666666666667,1.663333333333327,1.663333333333327,Low
SMP-2026-0010,2026-01-02 12:00:00,LOC-105,Seattle,Wa,497,531.24,-34.24000000000001,34.24000000000001,High
SMP-2026-0011,2026-01-02 16:00:00,LOC-104,New York,Ny,176,424.79,-248.79000000000002,248.79000000000002,High
SMP-2026-0012,2026-01-02 20:00:00,LOC-108,Philadelphia,Pa,67,91.76333333333334,-24.763333333333335,24.763333333333335,Low
SMP-2026-0013,2026-01-03 00:00:00,LOC-108,Philadelphia,Pa,310,280.8233333333333,29.176666666666677,29.176666666666677,Medium
SMP-2026-0014,2026-01-03 04:00:00,LOC-103,San Francisco,Ca,101,121.03666666666666,-20.03666666666666,20.03666666666666,Medium
SMP-2026-0015,2026-01-03 08:00:00,LOC-106,New Orleans,La,101,122.65333333333334,-21.653333333333336,21.653333333333336,Medium
SMP-2026-0016,2026-01-03 12:00:00,LOC-105,Seattle,Wa,1087,865.5533333333333,221.44666666666672,221.44666666666672,Critical
SMP-2026-0017,2026-01-03 16:00:00,LOC-102,Chicago,Il,200,254.32,-54.31999999999999,54.31999999999999,Medium
SMP-2026-0018,2026-01-03 20:00:00,LOC-108,Philadelphia,Pa,303,400.42,-97.42000000000002,97.42000000000002,High
SMP-2026-0019,2026-01-04 00:00:00,LOC-106,New Orleans,La,223,319.8,-96.80000000000001,96.80000000000001,Medium
SMP-2026-0020,2026-01-04 04:00:00,LOC-102,Chicago,Il,536,504.13,31.870000000000005,31.870000000000005,High
SMP-2026-0021,2026-01-04 08:00:00,LOC-105,Seattle,Wa,131,125.56,5.439999999999998,5.439999999999998,Medium
SMP-2026-0022,2026-01-04 12:00:00,LOC-101,New York,Ny,153,161.77666666666667,-8.77666666666667,8.77666666666667,Medium
SMP-2026-0023,2026-01-04 16:00:00,LOC-110,Annapolis,Md,583,591.4333333333333,-8.43333333333328,8.43333333333328,High
SMP-2026-0024,2026-01-04 20:00:00,LOC-106,New Orleans,La,928,591.2466666666667,336.75333333333333,336.75333333333333,High
SMP-2026-0025,2026-01-05 00:00:00,LOC-109,Cleveland,Oh,276,255.76333333333332,20.23666666666668,20.23666666666668,Medium
SMP-2026-0026,2026-01-05 04:00:00,LOC-101,New York,Ny,329,215.50666666666666,113.49333333333334,113.49333333333334,Medium
SMP-2026-0027,2026-01-05 08:00:00,LOC-110,Annapolis,Md,482,453.63,28.370000000000005,28.370000000000005,High
SMP-2026-0028,2026-01-05 12:00:00,LOC-103,San Francisco,Ca,745,688.6133333333333,56.386666666666656,56.386666666666656,High
SMP-2026-0029,2026-01-05 16:00:00,LOC-107,Miami,Fl,129,162.61,-33.610000000000014,33.610000000000014,Medium
SMP-2026-0030,2026-01-05 20:00:00,LOC-104,New York,Ny,146,197.40666666666667,-51.406666666666666,51.406666666666666,Medium
SMP-2026-0031,2026-01-06 00:00:00,LOC-109,Cleveland,Oh,259,553.11,-294.11,294.11,High
SMP-2026-0032,2026-01-06 04:00:00,LOC-103,San Francisco,Ca,32,31.316666666666666,0.6833333333333336,0.6833333333333336,Low
SMP-2026-0033,2026-01-06 08:00:00,LOC-105,Seattle,Wa,69,63.096666666666664,5.903333333333336,5.903333333333336,Low
SMP-2026-0034,2026-01-06 12:00:00,LOC-103,San Francisco,Ca,437,436.31,0.6899999999999977,0.6899999999999977,High
SMP-2026-0035,2026-01-06 16:00:00,LOC-107,Miami,Fl,268,413.5833333333333,-145.58333333333331,145.58333333333331,High
SMP-2026-0036,2026-01-06 20:00:00,LOC-105,Seattle,Wa,194,182.04666666666665,11.953333333333347,11.953333333333347,Medium
SMP-2026-0037,2026-01-07 00:00:00,LOC-109,Cleveland,Oh,522,458.46666666666664,63.53333333333336,63.53333333333336,High
SMP-2026-0038,2026-01-07 04:00:00,LOC-107,Miami,Fl,369,388.58,-19.579999999999984,19.579999999999984,High
SMP-2026-0039,2026-01-07 08:00:00,LOC-102,Chicago,Il,480,425.84,54.160000000000025,54.160000000000025,High
SMP-2026-0040,2026-01-07 12:00:00,LOC-104,New York,Ny,613,441.37666666666667,171.62333333333333,171.62333333333333,High
SMP-2026-0041,2026-01-07 16:00:00,LOC-109,Cleveland,Oh,522,473.0566666666667,48.94333333333333,48.94333333333333,High
SMP-2026-0042,2026-01-07 20:00:00,LOC-102,Chicago,Il,436,395.62333333333333,40.376666666666665,40.376666666666665,High
SMP-2026-0043,2026-01-08 00:00:00,LOC-110,Annapolis,Md,444,426.02666666666664,17.973333333333358,17.973333333333358,High
SMP-2026-0044,2026-01-08 04:00:00,LOC-109,Cleveland,Oh,280,344.19666666666666,-64.19666666666666,64.19666666666666,Medium
SMP-2026-0045,2026-01-08 08:00:00,LOC-110,Annapolis,Md,174,410.25666666666666,-236.25666666666666,236.25666666666666,High
SMP-2026-0046,2026-01-08 12:00:00,LOC-105,Seattle,Wa,620,606.9266666666666,13.07333333333338,13.07333333333338,High
SMP-2026-0047,2026-01-08 16:00:00,LOC-102,Chicago,Il,41,47.46333333333333,-6.463333333333331,6.463333333333331,Low
SMP-2026-0048,2026-01-08 20:00:00,LOC-104,New York,Ny,928,826.3233333333334,101.67666666666662,101.67666666666662,Critical
SMP-2026-0049,2026-01-09 00:00:00,LOC-107,Miami,Fl,434,514.6533333333333,-80.65333333333331,80.65333333333331,High
SMP-2026-0050,2026-01-09 04:00:00,LOC-108,Philadelphia,Pa,310,276.75,33.25,33.25,Medium
SMP-2026-0051,2026-01-09 08:00:00,LOC-103,San Francisco,Ca,288,309.24,-21.24000000000001,21.24000000000001,Medium
SMP-2026-0052,2026-01-09 12:00:00,LOC-101,New York,Ny,253,267.63,-14.629999999999995,14.629999999999995,Medium
SMP-2026-0053,2026-01-09 16:00:00,LOC-104,New York,Ny,262,230.75666666666666,31.24333333333334,31.24333333333334,Medium
SMP-2026-0054,2026-01-09 20:00:00,LOC-102,Chicago,Il,240,243.86666666666667,-3.8666666666666742,3.8666666666666742,Medium
SMP-2026-0055,2026-01-10 00:00:00,LOC-108,Philadelphia,Pa,57,52.06333333333333,4.936666666666667,4.936666666666667,Low
SMP-2026-0056,2026-01-10 04:00:00,LOC-104,New York,Ny,116,239.88333333333333,-123.88333333333333,123.88333333333333,Medium
SMP-2026-0057,2026-01-10 08:00:00,LOC-102,Chicago,Il,701,675.4733333333334,25.526666666666642,25.526666666666642,High
SMP-2026-0058,2026-01-10 12:00:00,LOC-106,New Orleans,La,164,194.70333333333335,-30.703333333333347,30.703333333333347,Medium
SMP-2026-0059,2026-01-10 16:00:00,LOC-106,New Orleans,La,641,638.0633333333334,2.9366666666666106,2.9366666666666106,High
SMP-2026-0060,2026-01-10 20:00:00,LOC-110,Annapolis,Md,426,395.2266666666667,30.773333333333312,30.773333333333312,High
SMP-2026-0061,2026-01-11 00:00:00,LOC-104,New York,Ny,782,629.9366666666666,152.0633333333334,152.0633333333334,High
SMP-2026-0062,2026-01-11 04:00:00,LOC-106,New Orleans,La,553,461.25333333333333,91.74666666666667,91.74666666666667,High
SMP-2026-0063,2026-01-11 08:00:00,LOC-102,Chicago,Il,45,49.376666666666665,-4.376666666666665,4.376666666666665,Low
SMP-2026-0064,2026-01-11 12:00:00,LOC-110,Annapolis,Md,377,526.9933333333333,-149.99333333333334,149.99333333333334,High
SMP-2026-0065,2026-01-11 16:00:00,LOC-102,Chicago,Il,76,67.18666666666667,8.813333333333333,8.813333333333333,Low
SMP-2026-0066,2026-01-11 20:00:00,LOC-110,Annapolis,Md,243,289.99666666666667,-46.99666666666667,46.99666666666667,Medium
SMP-2026-0067,2026-01-12 00:00:00,LOC-104,New York,Ny,652,649.14,2.8600000000000136,2.8600000000000136,High
SMP-2026-0068,2026-01-12 04:00:00,LOC-108,Philadelphia,Pa,116,141.07,-25.069999999999993,25.069999999999993,Medium
SMP-2026-0069,2026-01-12 08:00:00,LOC-107,Miami,Fl,416,342.39666666666665,73.60333333333335,73.60333333333335,Medium
SMP-2026-0070,2026-01-12 12:00:00,LOC-109,Cleveland,Oh,474,515.3166666666667,-41.31666666666672,41.31666666666672,High
SMP-2026-0071,2026-01-12 16:00:00,LOC-108,Philadelphia,Pa,524,566.3333333333334,-42.33333333333337,42.33333333333337,High
SMP-2026-0072,2026-01-12 20:00:00,LOC-105,Seattle,Wa,583,538.8233333333334,44.17666666666662,44.17666666666662,High
SMP-2026-0073,2026-01-13 00:00:00,LOC-102,Chicago,Il,231,198.91333333333333,32.08666666666667,32.08666666666667,Medium
SMP-2026-0074,2026-01-13 04:00:00,LOC-105,Seattle,Wa,242,334.63,-92.63,92.63,Medium
SMP-2026-0075,2026-01-13 08:00:00,LOC-108,Philadelphia,Pa,235,239.34666666666666,-4.346666666666664,4.346666666666664,Medium
SMP-2026-0076,2026-01-13 12:00:00,LOC-110,Annapolis,Md,656,631.7066666666667,24.293333333333294,24.293333333333294,High
SMP-2026-0077,2026-01-13 16:00:00,LOC-109,Cleveland,Oh,1084,533.1766666666666,550.8233333333334,550.8233333333334,High
SMP-2026-0078,2026-01-13 20:00:00,LOC-109,Cleveland,Oh,591,570.14,20.860000000000014,20.860000000000014,High
SMP-2026-0079,2026-01-14 00:00:00,LOC-101,New York,Ny,507,545.02,-38.01999999999998,38.01999999999998,High
SMP-2026-0080,2026-01-14 04:00:00,LOC-109,Cleveland,Oh,30,28.9,1.1000000000000014,1.1000000000000014,Low
SMP-2026-0081,2026-01-14 08:00:00,LOC-107,Miami,Fl,745,692.39,52.610000000000014,52.610000000000014,High
SMP-2026-0082,2026-01-14 12:00:00,LOC-109,Cleveland,Oh,814,681.77,132.23000000000002,132.23000000000002,High
SMP-2026-0083,2026-01-14 16:00:00,LOC-108,Philadelphia,Pa,39,44.28,-5.280000000000001,5.280000000000001,Low
SMP-2026-0084,2026-01-14 20:00:00,LOC-101,New York,Ny,368,479.34,-111.33999999999997,111.33999999999997,High
SMP-2026-0085,2026-01-15 00:00:00,LOC-108,Philadelphia,Pa,257,241.45333333333335,15.546666666666653,15.546666666666653,Medium
SMP-2026-0086,2026-01-15 04:00:00,LOC-108,Philadelphia,Pa,362,404.00333333333333,-42.00333333333333,42.00333333333333,High
SMP-2026-0087,2026-01-15 08:00:00,LOC-103,San Francisco,Ca,419,602.1133333333333,-183.11333333333334,183.11333333333334,High
SMP-2026-0088,2026-01-15 12:00:00,LOC-101,New York,Ny,264,363.73,-99.73000000000002,99.73000000000002,High
SMP-2026-0089,2026-01-15 16:00:00,LOC-108,Philadelphia,Pa,60,97.17666666666666,-37.17666666666666,37.17666666666666,Low
SMP-2026-0090,2026-01-15 20:00:00,LOC-103,San Francisco,Ca,379,401.11,-22.110000000000014,22.110000000000014,High
SMP-2026-0091,2026-01-16 00:00:00,LOC-103,San Francisco,Ca,502,472.71,29.29000000000002,29.29000000000002,High
SMP-2026-0092,2026-01-16 04:00:00,LOC-101,New York,Ny,501,528.21,-27.210000000000036,27.210000000000036,High
SMP-2026-0093,2026-01-16 08:00:00,LOC-105,Seattle,Wa,234,245.99,-11.990000000000009,11.990000000000009,Medium
SMP-2026-0094,2026-01-16 12:00:00,LOC-110,Annapolis,Md,175,213.67666666666668,-38.67666666666668,38.67666666666668,Medium
SMP-2026-0095,2026-01-16 16:00:00,LOC-107,Miami,Fl,510,530.3466666666667,-20.346666666666692,20.346666666666692,High
SMP-2026-0096,2026-01-16 20:00:00,LOC-110,Annapolis,Md,178,230.27666666666667,-52.27666666666667,52.27666666666667,Medium
SMP-2026-0097,2026-01-17 00:00:00,LOC-109,Cleveland,Oh,448,449.00666666666666,-1.0066666666666606,1.0066666666666606,High
SMP-2026-0098,2026-01-17 04:00:00,LOC-107,Miami,Fl,578,542.1666666666666,35.83333333333337,35.83333333333337,High
SMP-2026-0099,2026-01-17 08:00:00,LOC-109,Cleveland,Oh,240,344.00333333333333,-104.00333333333333,104.00333333333333,Medium
SMP-2026-0100,2026-01-17 12:00:00,LOC-108,Philadelphia,Pa,152,260.95,-108.94999999999999,108.94999999999999,Medium
SMP-2026-0101,2026-01-17 16:00:00,LOC-102,Chicago,Il,167,240.35333333333332,-73.35333333333332,73.35333333333332,Medium
SMP-2026-0102,2026-01-17 20:00:00,LOC-101,New York,Ny,129,128.03666666666666,0.9633333333333383,0.9633333333333383,Medium
SMP-2026-0103,2026-01-18 00:00:00,LOC-107,Miami,Fl,150,137.63333333333333,12.366666666666674,12.366666666666674,Medium
SMP-2026-0104,2026-01-18 04:00:00,LOC-107,Miami,Fl,48,98.48,-50.480000000000004,50.480000000000004,Low
SMP-2026-0105,2026-01-18 08:00:00,LOC-108,Philadelphia,Pa,206,186.25,19.75,19.75,Medium
SMP-2026-0106,2026-01-18 12:00:00,LOC-105,Seattle,Wa,230,300.22333333333336,-70.22333333333336,70.22333333333336,Medium
SMP-2026-0107,2026-01-18 16:00:00,LOC-103,San Francisco,Ca,751,665.15,85.85000000000002,85.85000000000002,High
SMP-2026-0108,2026-01-18 20:00:00,LOC-108,Philadelphia,Pa,372,335.6566666666667,36.343333333333305,36.343333333333305,Medium
SMP-2026-0109,2026-01-19 00:00:00,LOC-106,New Orleans,La,702,654.16,47.84000000000003,47.84000000000003,High
SMP-2026-0110,2026-01-19 04:00:00,LOC-103,San Francisco,Ca,697,706.8966666666666,-9.896666666666647,9.896666666666647,Critical
SMP-2026-0111,2026-01-19 08:00:00,LOC-101,New York,Ny,560,592.5866666666667,-32.5866666666667,32.5866666666667,High
SMP-2026-0112,2026-01-19 12:00:00,LOC-103,San Francisco,Ca,708,666.96,41.039999999999964,41.039999999999964,High
SMP-2026-0113,2026-01-19 16:00:00,LOC-105,Seattle,Wa,506,435.2633333333333,70.73666666666668,70.73666666666668,High
SMP-2026-0114,2026-01-19 20:00:00,LOC-103,San Francisco,Ca,329,336.26666666666665,-7.2666666666666515,7.2666666666666515,Medium
SMP-2026-0115,2026-01-20 00:00:00,LOC-101,New York,Ny,56,60.88333333333333,-4.883333333333333,4.883333333333333,Low
SMP-2026-0116,2026-01-20 04:00:00,LOC-105,Seattle,Wa,150,201.72666666666666,-51.72666666666666,51.72666666666666,Medium
SMP-2026-0117,2026-01-20 08:00:00,LOC-110,Annapolis,Md,885,784.0566666666666,100.94333333333338,100.94333333333338,Critical
SMP-2026-0118,2026-01-20 12:00:00,LOC-107,Miami,Fl,586,619.8633333333333,-33.863333333333344,33.863333333333344,High
SMP-2026-0119,2026-01-20 16:00:00,LOC-107,Miami,Fl,169,155.77,13.22999999999999,13.22999999999999,Medium
SMP-2026-0120,2026-01-20 20:00:00,LOC-109,Cleveland,Oh,416,396.6533333333333,19.346666666666692,19.346666666666692,High
SMP-2026-0121,2026-01-21 00:00:00,LOC-110,Annapolis,Md,847,686.85,160.14999999999998,160.14999999999998,High
SMP-2026-0122,2026-01-21 04:00:00,LOC-110,Annapolis,Md,85,80.56666666666666,4.433333333333337,4.433333333333337,Low
SMP-2026-0123,2026-01-21 08:00:00,LOC-103,San Francisco,Ca,386,336.9,49.10000000000002,49.10000000000002,Medium
SMP-2026-0124,2026-01-21 12:00:00,LOC-107,Miami,Fl,800,717.5833333333334,82.41666666666663,82.41666666666663,Critical
SMP-2026-0125,2026-01-21 16:00:00,LOC-101,New York,Ny,249,252.90666666666667,-3.9066666666666663,3.9066666666666663,Medium
SMP-2026-0126,2026-01-21 20:00:00,LOC-104,New York,Ny,57,65.58666666666667,-8.586666666666673,8.586666666666673,Low
SMP-2026-0127,2026-01-22 00:00:00,LOC-104,New York,Ny,534,463.11,70.88999999999999,70.88999999999999,High
SMP-2026-0128,2026-01-22 04:00:00,LOC-105,Seattle,Wa,501,560.6133333333333,-59.613333333333344,59.613333333333344,High
SMP-2026-0129,2026-01-22 08:00:00,LOC-107,Miami,Fl,644,537.1033333333334,106.89666666666665,106.89666666666665,High
SMP-2026-0130,2026-01-22 12:00:00,LOC-107,Miami,Fl,91,113.68,-22.680000000000007,22.680000000000007,Medium
SMP-2026-0131,2026-01-22 16:00:00,LOC-104,New York,Ny,124,158.28,-34.28,34.28,Medium
SMP-2026-0132,2026-01-22 20:00:00,LOC-107,Miami,Fl,507,465.6766666666667,41.32333333333332,41.32333333333332,High
SMP-2026-0133,2026-01-23 00:00:00,LOC-103,San Francisco,Ca,504,451.5833333333333,52.416666666666686,52.416666666666686,High
SMP-2026-0134,2026-01-23 04:00:00,LOC-106,New Orleans,La,447,483.4633333333333,-36.46333333333331,36.46333333333331,High
SMP-2026-0135,2026-01-23 08:00:00,LOC-102,Chicago,Il,120,114.42,5.579999999999998,5.579999999999998,Medium
SMP-2026-0136,2026-01-23 12:00:00,LOC-110,Annapolis,Md,764,707.8566666666667,56.14333333333332,56.14333333333332,Critical
SMP-2026-0137,2026-01-23 16:00:00,LOC-109,Cleveland,Oh,36,32.27333333333333,3.7266666666666666,3.7266666666666666,Low
SMP-2026-0138,2026-01-23 20:00:00,LOC-105,Seattle,Wa,141,289.4266666666667,-148.42666666666668,148.42666666666668,Medium
SMP-2026-0139,2026-01-24 00:00:00,LOC-106,New Orleans,La,62,59.943333333333335,2.056666666666665,2.056666666666665,Low
SMP-2026-0140,2026-01-24 04:00:00,LOC-104,New York,Ny,414,263.97333333333336,150.02666666666664,150.02666666666664,Medium
SMP-2026-0141,2026-01-24 08:00:00,LOC-110,Annapolis,Md,227,295.44666666666666,-68.44666666666666,68.44666666666666,Medium
SMP-2026-0142,2026-01-24 12:00:00,LOC-107,Miami,Fl,532,477.41,54.589999999999975,54.589999999999975,High
SMP-2026-0143,2026-01-24 16:00:00,LOC-109,Cleveland,Oh,199,184.33666666666667,14.663333333333327,14.663333333333327,Medium
SMP-2026-0144,2026-01-24 20:00:00,LOC-107,Miami,Fl,491,497.79,-6.7900000000000205,6.7900000000000205,High
SMP-2026-0145,2026-01-25 00:00:00,LOC-101,New York,Ny,62,63.73,-1.7299999999999969,1.7299999999999969,Low
SMP-2026-0146,2026-01-25 04:00:00,LOC-101,New York,Ny,458,455.0966666666667,2.9033333333333076,2.9033333333333076,High
SMP-2026-0147,2026-01-25 08:00:00,LOC-109,Cleveland,Oh,479,541.5866666666667,-62.5866666666667,62.5866666666667,High
SMP-2026-0148,2026-01-25 12:00:00,LOC-109,Cleveland,Oh,323,301.7033333333333,21.29666666666668,21.29666666666668,Medium
SMP-2026-0149,2026-01-25 16:00:00,LOC-104,New York,Ny,544,487.51,56.49000000000001,56.49000000000001,High
SMP-2026-0150,2026-01-25 20:00:00,LOC-109,Cleveland,Oh,328,291.6933333333333,36.30666666666667,36.30666666666667,Medium
SMP-2026-0151,2026-01-26 00:00:00,LOC-103,San Francisco,Ca,36,34.56666666666667,1.43333333333333,1.43333333333333,Low
SMP-2026-0152,2026-01-26 04:00:00,LOC-107,Miami,Fl,161,193.71666666666667,-32.71666666666667,32.71666666666667,Medium
SMP-2026-0153,2026-01-26 08:00:00,LOC-106,New Orleans,La,230,370.5733333333333,-140.57333333333332,140.57333333333332,High
SMP-2026-0154,2026-01-26 12:00:00,LOC-108,Philadelphia,Pa,396,398.81,-2.8100000000000023,2.8100000000000023,High
SMP-2026-0155,2026-01-26 16:00:00,LOC-109,Cleveland,Oh,44,62.17,-18.17,18.17,Low
SMP-2026-0156,2026-01-26 20:00:00,LOC-105,Seattle,Wa,647,612.1733333333333,34.82666666666671,34.82666666666671,High
SMP-2026-0157,2026-01-27 00:00:00,LOC-101,New York,Ny,325,340.2966666666667,-15.296666666666681,15.296666666666681,Medium
SMP-2026-0158,2026-01-27 04:00:00,LOC-103,San Francisco,Ca,794,719.2,74.79999999999995,74.79999999999995,Critical
SMP-2026-0159,2026-01-27 08:00:00,LOC-110,Annapolis,Md,314,404.2133333333333,-90.21333333333331,90.21333333333331,High
SMP-2026-0160,2026-01-27 12:00:00,LOC-108,Philadelphia,Pa,444,404.35333333333335,39.64666666666665,39.64666666666665,High
SMP-2026-0161,2026-01-27 16:00:00,LOC-106,New Orleans,La,96,103.02,-7.019999999999996,7.019999999999996,Medium
SMP-2026-0162,2026-01-27 20:00:00,LOC-108,Philadelphia,Pa,66,98.02666666666667,-32.02666666666667,32.02666666666667,Low
SMP-2026-0163,2026-01-28 00:00:00,LOC-109,Cleveland,Oh,302,409.54333333333335,-107.54333333333335,107.54333333333335,High
SMP-2026-0164,2026-01-28 04:00:00,LOC-104,New York,Ny,133,153.24,-20.24000000000001,20.24000000000001,Medium
SMP-2026-0165,2026-01-28 08:00:00,LOC-101,New York,Ny,1019,885.1933333333334,133.80666666666662,133.80666666666662,Critical
SMP-2026-0166,2026-01-28 12:00:00,LOC-101,New York,Ny,208,266.99666666666667,-58.99666666666667,58.99666666666667,Medium
SMP-2026-0167,2026-01-28 16:00:00,LOC-110,Annapolis,Md,150,138.45333333333335,11.546666666666653,11.546666666666653,Medium
SMP-2026-0168,2026-01-28 20:00:00,LOC-104,New York,Ny,143,127.63333333333334,15.36666666666666,15.36666666666666,Medium
SMP-2026-0169,2026-01-29 00:00:00,LOC-107,Miami,Fl,226,147.87666666666667,78.12333333333333,78.12333333333333,Medium
SMP-2026-0170,2026-01-29 04:00:00,LOC-102,Chicago,Il,439,543.0033333333333,-104.00333333333333,104.00333333333333,High
SMP-2026-0171,2026-01-29 08:00:00,LOC-103,San Francisco,Ca,458,396.37,61.629999999999995,61.629999999999995,High
SMP-2026-0172,2026-01-29 12:00:00,LOC-101,New York,Ny,143,202.33,-59.33000000000001,59.33000000000001,Medium
SMP-2026-0173,2026-01-29 16:00:00,LOC-105,Seattle,Wa,226,240.13666666666666,-14.136666666666656,14.136666666666656,Medium
SMP-2026-0174,2026-01-29 20:00:00,LOC-101,New York,Ny,183,161.71333333333334,21.28666666666666,21.28666666666666,Medium
SMP-2026-0175,2026-01-30 00:00:00,LOC-108,Philadelphia,Pa,409,384.21,24.79000000000002,24.79000000000002,High
SMP-2026-0176,2026-01-30 04:00:00,LOC-101,New York,Ny,111,119.37666666666667,-8.376666666666665,8.376666666666665,Medium
SMP-2026-0177,2026-01-30 08:00:00,LOC-101,New York,Ny,424,479.52666666666664,-55.52666666666664,55.52666666666664,High
SMP-2026-0178,2026-01-30 12:00:00,LOC-102,Chicago,Il,230,252.11,-22.110000000000014,22.110000000000014,Medium
SMP-2026-0179,2026-01-30 16:00:00,LOC-102,Chicago,Il,285,286.0966666666667,-1.0966666666666924,1.0966666666666924,Medium
SMP-2026-0180,2026-01-30 20:00:00,LOC-106,New Orleans,La,266,323.3066666666667,-57.30666666666667,57.30666666666667,Medium
SMP-2026-0181,2026-01-31 00:00:00,LOC-107,Miami,Fl,507,440.45,66.55000000000001,66.55000000000001,High
SMP-2026-0182,2026-01-31 04:00:00,LOC-105,Seattle,Wa,1072,966.3433333333334,105.65666666666664,105.65666666666664,Critical
SMP-2026-0183,2026-01-31 08:00:00,LOC-101,New York,Ny,577,481.98333333333335,95.01666666666665,95.01666666666665,High
SMP-2026-0184,2026-01-31 12:00:00,LOC-101,New York,Ny,78,82.88666666666667,-4.88666666666667,4.88666666666667,Low
SMP-2026-0185,2026-01-31 16:00:00,LOC-103,San Francisco,Ca,536,406.67,129.32999999999998,129.32999999999998,High
SMP-2026-0186,2026-01-31 20:00:00,LOC-102,Chicago,Il,190,168.45,21.55000000000001,21.55000000000001,Medium
SMP-2026-0187,2026-02-01 00:00:00,LOC-105,Seattle,Wa,54,52.13333333333333,1.8666666666666671,1.8666666666666671,Low
SMP-2026-0188,2026-02-01 04:00:00,LOC-110,Annapolis,Md,595,588.4333333333333,6.56666666666672,6.56666666666672,High
SMP-2026-0189,2026-02-01 08:00:00,LOC-106,New Orleans,La,269,350.80333333333334,-81.80333333333334,81.80333333333334,High
SMP-2026-0190,2026-02-01 12:00:00,LOC-107,Miami,Fl,307,430.7733333333333,-123.77333333333331,123.77333333333331,High
SMP-2026-0191,2026-02-01 16:00:00,LOC-104,New York,Ny,381,390.98,-9.980000000000018,9.980000000000018,High
SMP-2026-0192,2026-02-01 20:00:00,LOC-107,Miami,Fl,452,429.7133333333333,22.28666666666669,22.28666666666669,High
SMP-2026-0193,2026-02-02 00:00:00,LOC-108,Philadelphia,Pa,196,167.95666666666668,28.043333333333322,28.043333333333322,Medium
SMP-2026-0194,2026-02-02 04:00:00,LOC-101,New York,Ny,151,161.64333333333335,-10.643333333333345,10.643333333333345,Medium
SMP-2026-0195,2026-02-02 08:00:00,LOC-106,New Orleans,La,331,414.04333333333335,-83.04333333333335,83.04333333333335,High
SMP-2026-0196,2026-02-02 12:00:00,LOC-108,Philadelphia,Pa,220,222.37333333333333,-2.373333333333335,2.373333333333335,Medium
SMP-2026-0197,2026-02-02 16:00:00,LOC-105,Seattle,Wa,465,489.8666666666667,-24.866666666666674,24.866666666666674,High
SMP-2026-0198,2026-02-02 20:00:00,LOC-104,New York,Ny,264,380.42333333333335,-116.42333333333335,116.42333333333335,High
SMP-2026-0199,2026-02-03 00:00:00,LOC-102,Chicago,Il,179,147.32,31.680000000000007,31.680000000000007,Medium
SMP-2026-0200,2026-02-03 04:00:00,LOC-106,New Orleans,La,370,378.5,-8.5,8.5,High
SMP-2026-0201,2026-02-03 08:00:00,LOC-106,New Orleans,La,618,554.3,63.700000000000045,63.700000000000045,High
SMP-2026-0202,2026-02-03 12:00:00,LOC-101,New York,Ny,152,152.74666666666667,-0.7466666666666697,0.7466666666666697,Medium
SMP-2026-0203,2026-02-03 16:00:00,LOC-109,Cleveland,Oh,445,506.9033333333333,-61.90333333333331,61.90333333333331,High
SMP-2026-0204,2026-02-03 20:00:00,LOC-106,New Orleans,La,380,383.3933333333333,-3.3933333333333167,3.3933333333333167,High
SMP-2026-0205,2026-02-04 00:00:00,LOC-103,San Francisco,Ca,206,183.47,22.53,22.53,Medium
SMP-2026-0206,2026-02-04 04:00:00,LOC-104,New York,Ny,172,278.26666666666665,-106.26666666666665,106.26666666666665,Medium
SMP-2026-0207,2026-02-04 08:00:00,LOC-104,New York,Ny,964,960.8,3.2000000000000455,3.2000000000000455,Critical
SMP-2026-0208,2026-02-04 12:00:00,LOC-103,San Francisco,Ca,102,119.89666666666666,-17.89666666666666,17.89666666666666,Medium
SMP-2026-0209,2026-02-04 16:00:00,LOC-110,Annapolis,Md,832,550.77,281.23,281.23,High
SMP-2026-0210,2026-02-04 20:00:00,LOC-103,San Francisco,Ca,228,182.15333333333334,45.846666666666664,45.846666666666664,Medium
SMP-2026-0211,2026-02-05 00:00:00,LOC-103,San Francisco,Ca,445,627.1066666666667,-182.10666666666668,182.10666666666668,High
SMP-2026-0212,2026-02-05 04:00:00,LOC-104,New York,Ny,648,598.6166666666667,49.383333333333326,49.383333333333326,High
SMP-2026-0213,2026-02-05 08:00:00,LOC-107,Miami,Fl,127,163.23666666666668,-36.23666666666668,36.23666666666668,Medium
SMP-2026-0214,2026-02-05 12:00:00,LOC-104,New York,Ny,363,255.98333333333332,107.01666666666668,107.01666666666668,Medium
SMP-2026-0215,2026-02-05 16:00:00,LOC-109,Cleveland,Oh,489,508.11333333333334,-19.113333333333344,19.113333333333344,High
SMP-2026-0216,2026-02-05 20:00:00,LOC-101,New York,Ny,314,401.38,-87.38,87.38,High
SMP-2026-0217,2026-02-06 00:00:00,LOC-108,Philadelphia,Pa,649,574.6433333333333,74.35666666666668,74.35666666666668,High
SMP-2026-0218,2026-02-06 04:00:00,LOC-107,Miami,Fl,173,152.53666666666666,20.46333333333334,20.46333333333334,Medium
SMP-2026-0219,2026-02-06 08:00:00,LOC-102,Chicago,Il,388,564.11,-176.11,176.11,High
SMP-2026-0220,2026-02-06 12:00:00,LOC-108,Philadelphia,Pa,612,586.28,25.720000000000027,25.720000000000027,High
SMP-2026-0221,2026-02-06 16:00:00,LOC-101,New York,Ny,550,569.15,-19.149999999999977,19.149999999999977,High
SMP-2026-0222,2026-02-06 20:00:00,LOC-109,Cleveland,Oh,97,129.12666666666667,-32.126666666666665,32.126666666666665,Medium
SMP-2026-0223,2026-02-07 00:00:00,LOC-109,Cleveland,Oh,526,485.64666666666665,40.35333333333335,40.35333333333335,High
SMP-2026-0224,2026-02-07 04:00:00,LOC-102,Chicago,Il,364,375.2033333333333,-11.203333333333319,11.203333333333319,High
SMP-2026-0225,2026-02-07 08:00:00,LOC-107,Miami,Fl,215,233.31,-18.310000000000002,18.310000000000002,Medium
SMP-2026-0226,2026-02-07 12:00:00,LOC-110,Annapolis,Md,480,438.67,41.329999999999984,41.329999999999984,High
SMP-2026-0227,2026-02-07 16:00:00,LOC-103,San Francisco,Ca,26,35.08,-9.079999999999998,9.079999999999998,Low
SMP-2026-0228,2026-02-07 20:00:00,LOC-107,Miami,Fl,647,616.0,31.0,31.0,High
SMP-2026-0229,2026-02-08 00:00:00,LOC-110,Annapolis,Md,269,315.5,-46.5,46.5,Medium
SMP-2026-0230,2026-02-08 04:00:00,LOC-109,Cleveland,Oh,33,43.343333333333334,-10.343333333333334,10.343333333333334,Low
SMP-2026-0231,2026-02-08 08:00:00,LOC-104,New York,Ny,277,360.0933333333333,-83.0933333333333,83.0933333333333,High
SMP-2026-0232,2026-02-08 12:00:00,LOC-101,New York,Ny,382,375.9633333333333,6.03666666666669,6.03666666666669,High
SMP-2026-0233,2026-02-08 16:00:00,LOC-102,Chicago,Il,60,54.473333333333336,5.526666666666664,5.526666666666664,Low
SMP-2026-0234,2026-02-08 20:00:00,LOC-101,New York,Ny,262,377.0833333333333,-115.08333333333331,115.08333333333331,High
SMP-2026-0235,2026-02-09 00:00:00,LOC-105,Seattle,Wa,267,408.87,-141.87,141.87,High
SMP-2026-0236,2026-02-09 04:00:00,LOC-105,Seattle,Wa,555,363.17,191.82999999999998,191.82999999999998,High
SMP-2026-0237,2026-02-09 08:00:00,LOC-107,Miami,Fl,45,58.75333333333333,-13.75333333333333,13.75333333333333,Low
SMP-2026-0238,2026-02-09 12:00:00,LOC-109,Cleveland,Oh,801,497.22,303.78,303.78,High
SMP-2026-0239,2026-02-09 16:00:00,LOC-109,Cleveland,Oh,231,296.99666666666667,-65.99666666666667,65.99666666666667,Medium
SMP-2026-0240,2026-02-09 20:00:00,LOC-103,San Francisco,Ca,294,266.12666666666667,27.873333333333335,27.873333333333335,Medium
SMP-2026-0241,2026-02-10 00:00:00,LOC-103,San Francisco,Ca,268,312.36,-44.360000000000014,44.360000000000014,Medium
SMP-2026-0242,2026-02-10 04:00:00,LOC-103,San Francisco,Ca,552,487.99666666666667,64.00333333333333,64.00333333333333,High
SMP-2026-0243,2026-02-10 08:00:00,LOC-104,New York,Ny,497,448.78333333333336,48.21666666666664,48.21666666666664,High
SMP-2026-0244,2026-02-10 12:00:00,LOC-108,Philadelphia,Pa,282,277.6533333333333,4.346666666666692,4.346666666666692,Medium
SMP-2026-0245,2026-02-10 16:00:00,LOC-106,New Orleans,La,205,443.03333333333336,-238.03333333333336,238.03333333333336,High
SMP-2026-0246,2026-02-10 20:00:00,LOC-108,Philadelphia,Pa,828,735.6566666666666,92.34333333333336,92.34333333333336,Critical
SMP-2026-0247,2026-02-11 00:00:00,LOC-101,New York,Ny,306,297.55,8.449999999999989,8.449999999999989,Medium
SMP-2026-0248,2026-02-11 04:00:00,LOC-108,Philadelphia,Pa,185,515.3833333333333,-330.3833333333333,330.3833333333333,High
SMP-2026-0249,2026-02-11 08:00:00,LOC-104,New York,Ny,226,419.97,-193.97000000000003,193.97000000000003,High
SMP-2026-0250,2026-02-11 12:00:00,LOC-101,New York,Ny,450,415.9066666666667,34.093333333333305,34.093333333333305,High
SMP-2026-0251,2026-02-11 16:00:00,LOC-108,Philadelphia,Pa,226,274.03,-48.02999999999997,48.02999999999997,Medium
SMP-2026-0252,2026-02-11 20:00:00,LOC-104,New York,Ny,499,457.49666666666667,41.50333333333333,41.50333333333333,High
SMP-2026-0253,2026-02-12 00:00:00,LOC-106,New Orleans,La,401,409.7133333333333,-8.71333333333331,8.71333333333331,High
SMP-2026-0254,2026-02-12 04:00:00,LOC-108,Philadelphia,Pa,822,737.4,84.60000000000002,84.60000000000002,Critical
SMP-2026-0255,2026-02-12 08:00:00,LOC-104,New York,Ny,524,416.57666666666665,107.42333333333335,107.42333333333335,High
SMP-2026-0256,2026-02-12 12:00:00,LOC-103,San Francisco,Ca,1135,1046.8033333333333,88.19666666666672,88.19666666666672,Critical
SMP-2026-0257,2026-02-12 16:00:00,LOC-109,Cleveland,Oh,42,60.13333333333333,-18.133333333333333,18.133333333333333,Low
SMP-2026-0258,2026-02-12 20:00:00,LOC-103,San Francisco,Ca,36,32.76,3.240000000000002,3.240000000000002,Low
SMP-2026-0259,2026-02-13 00:00:00,LOC-109,Cleveland,Oh,322,381.49333333333334,-59.49333333333334,59.49333333333334,High
SMP-2026-0260,2026-02-13 04:00:00,LOC-102,Chicago,Il,257,235.33333333333334,21.666666666666657,21.666666666666657,Medium
SMP-2026-0261,2026-02-13 08:00:00,LOC-102,Chicago,Il,192,178.76333333333332,13.236666666666679,13.236666666666679,Medium
SMP-2026-0262,2026-02-13 12:00:00,LOC-102,Chicago,Il,101,274.8,-173.8,173.8,Medium
SMP-2026-0263,2026-02-13 16:00:00,LOC-106,New Orleans,La,294,256.51,37.49000000000001,37.49000000000001,Medium
SMP-2026-0264,2026-02-13 20:00:00,LOC-103,San Francisco,Ca,25,32.14,-7.140000000000001,7.140000000000001,Low
SMP-2026-0265,2026-02-14 00:00:00,LOC-109,Cleveland,Oh,832,715.94,116.05999999999995,116.05999999999995,Critical
SMP-2026-0266,2026-02-14 04:00:00,LOC-104,New York,Ny,241,213.60333333333332,27.396666666666675,27.396666666666675,Medium
SMP-2026-0267,2026-02-14 08:00:00,LOC-101,New York,Ny,715,674.71,40.289999999999964,40.289999999999964,High
SMP-2026-0268,2026-02-14 12:00:00,LOC-104,New York,Ny,289,418.04333333333335,-129.04333333333335,129.04333333333335,High
SMP-2026-0269,2026-02-14 16:00:00,LOC-101,New York,Ny,602,610.8033333333333,-8.803333333333285,8.803333333333285,High
SMP-2026-0270,2026-02-14 20:00:00,LOC-105,Seattle,Wa,53,49.77,3.229999999999997,3.229999999999997,Low
SMP-2026-0271,2026-02-15 00:00:00,LOC-104,New York,Ny,451,537.6733333333333,-86.67333333333329,86.67333333333329,High
SMP-2026-0272,2026-02-15 04:00:00,LOC-108,Philadelphia,Pa,358,360.19666666666666,-2.1966666666666583,2.1966666666666583,High
SMP-2026-0273,2026-02-15 08:00:00,LOC-108,Philadelphia,Pa,313,343.00333333333333,-30.00333333333333,30.00333333333333,Medium
SMP-2026-0274,2026-02-15 12:00:00,LOC-107,Miami,Fl,442,469.2733333333333,-27.273333333333312,27.273333333333312,High
SMP-2026-0275,2026-02-15 16:00:00,LOC-103,San Francisco,Ca,860,779.4466666666667,80.55333333333328,80.55333333333328,Critical
SMP-2026-0276,2026-02-15 20:00:00,LOC-101,New York,Ny,230,273.99,-43.99000000000001,43.99000000000001,Medium
SMP-2026-0277,2026-02-16 00:00:00,LOC-101,New York,Ny,560,556.85,3.1499999999999773,3.1499999999999773,High
SMP-2026-0278,2026-02-16 04:00:00,LOC-103,San Francisco,Ca,335,396.22333333333336,-61.22333333333336,61.22333333333336,High
SMP-2026-0279,2026-02-16 08:00:00,LOC-106,New Orleans,La,531,548.0133333333333,-17.01333333333332,17.01333333333332,High
SMP-2026-0280,2026-02-16 12:00:00,LOC-107,Miami,Fl,260,431.1066666666667,-171.10666666666668,171.10666666666668,High
SMP-2026-0281,2026-02-16 16:00:00,LOC-106,New Orleans,La,120,147.71333333333334,-27.71333333333334,27.71333333333334,Medium
SMP-2026-0282,2026-02-16 20:00:00,LOC-106,New Orleans,La,625,893.44,-268.44000000000005,268.44000000000005,Critical
SMP-2026-0283,2026-02-17 00:00:00,LOC-106,New Orleans,La,98,95.92333333333333,2.076666666666668,2.076666666666668,Low
SMP-2026-0284,2026-02-17 04:00:00,LOC-103,San Francisco,Ca,25,27.47,-2.469999999999999,2.469999999999999,Low
SMP-2026-0285,2026-02-17 08:00:00,LOC-106,New Orleans,La,44,48.15,-4.149999999999999,4.149999999999999,Low
SMP-2026-0286,2026-02-17 12:00:00,LOC-108,Philadelphia,Pa,224,236.77666666666667,-12.77666666666667,12.77666666666667,Medium
SMP-2026-0287,2026-02-17 16:00:00,LOC-102,Chicago,Il,295,346.79333333333335,-51.79333333333335,51.79333333333335,Medium
SMP-2026-0288,2026-02-17 20:00:00,LOC-105,Seattle,Wa,107,92.42333333333333,14.576666666666668,14.576666666666668,Low
SMP-2026-0289,2026-02-18 00:00:00,LOC-101,New York,Ny,30,30.12,-0.120000000000001,0.120000000000001,Low
SMP-2026-0290,2026-02-18 04:00:00,LOC-101,New York,Ny,255,695.6433333333333,-440.6433333333333,440.6433333333333,High
SMP-2026-0291,2026-02-18 08:00:00,LOC-105,Seattle,Wa,218,368.7033333333333,-150.70333333333332,150.70333333333332,High
SMP-2026-0292,2026-02-18 12:00:00,LOC-103,San Francisco,Ca,914,829.3266666666667,84.67333333333329,84.67333333333329,Critical
SMP-2026-0293,2026-02-18 16:00:00,LOC-104,New York,Ny,391,661.9533333333334,-270.9533333333334,270.9533333333334,High
SMP-2026-0294,2026-02-18 20:00:00,LOC-103,San Francisco,Ca,690,666.55,23.450000000000045,23.450000000000045,High
SMP-2026-0295,2026-02-19 00:00:00,LOC-101,New York,Ny,53,106.73333333333333,-53.733333333333334,53.733333333333334,Medium
SMP-2026-0296,2026-02-19 04:00:00,LOC-101,New York,Ny,453,378.88666666666666,74.11333333333334,74.11333333333334,High
SMP-2026-0297,2026-02-19 08:00:00,LOC-105,Seattle,Wa,753,605.6333333333333,147.36666666666667,147.36666666666667,High
SMP-2026-0298,2026-02-19 12:00:00,LOC-106,New Orleans,La,234,239.29,-5.289999999999992,5.289999999999992,Medium
SMP-2026-0299,2026-02-19 16:00:00,LOC-103,San Francisco,Ca,178,609.2133333333334,-431.21333333333337,431.21333333333337,High
SMP-2026-0300,2026-02-19 20:00:00,LOC-109,Cleveland,Oh,38,57.93333333333333,-19.93333333333333,19.93333333333333,Low
SMP-2026-0301,2026-02-20 00:00:00,LOC-105,Seattle,Wa,210,226.23333333333332,-16.23333333333332,16.23333333333332,Medium
SMP-2026-0302,2026-02-20 04:00:00,LOC-108,Philadelphia,Pa,366,358.96,7.0400000000000205,7.0400000000000205,High
SMP-2026-0303,2026-02-20 08:00:00,LOC-101,New York,Ny,331,358.45666666666665,-27.45666666666665,27.45666666666665,High
SMP-2026-0304,2026-02-20 12:00:00,LOC-105,Seattle,Wa,178,247.19666666666666,-69.19666666666666,69.19666666666666,Medium
SMP-2026-0305,2026-02-20 16:00:00,LOC-103,San Francisco,Ca,545,549.1033333333334,-4.103333333333353,4.103333333333353,High
SMP-2026-0306,2026-02-20 20:00:00,LOC-101,New York,Ny,29,30.85333333333333,-1.8533333333333317,1.8533333333333317,Low
SMP-2026-0307,2026-02-21 00:00:00,LOC-104,New York,Ny,75,82.81,-7.810000000000002,7.810000000000002,Low
SMP-2026-0308,2026-02-21 04:00:00,LOC-105,Seattle,Wa,242,633.02,-391.02,391.02,High
SMP-2026-0309,2026-02-21 08:00:00,LOC-107,Miami,Fl,785,695.1,89.89999999999998,89.89999999999998,High
SMP-2026-0310,2026-02-21 12:00:00,LOC-101,New York,Ny,95,115.68,-20.680000000000007,20.680000000000007,Medium
SMP-2026-0311,2026-02-21 16:00:00,LOC-103,San Francisco,Ca,788,733.9433333333334,54.056666666666615,54.056666666666615,Critical
SMP-2026-0312,2026-02-21 20:00:00,LOC-102,Chicago,Il,175,176.90333333333334,-1.903333333333336,1.903333333333336,Medium
SMP-2026-0313,2026-02-22 00:00:00,LOC-109,Cleveland,Oh,151,397.00666666666666,-246.00666666666666,246.00666666666666,High
SMP-2026-0314,2026-02-22 04:00:00,LOC-110,Annapolis,Md,100,120.16,-20.159999999999997,20.159999999999997,Medium
SMP-2026-0315,2026-02-22 08:00:00,LOC-106,New Orleans,La,394,531.88,-137.88,137.88,High
SMP-2026-0316,2026-02-22 12:00:00,LOC-110,Annapolis,Md,675,595.2566666666667,79.74333333333334,79.74333333333334,High
SMP-2026-0317,2026-02-22 16:00:00,LOC-103,San Francisco,Ca,205,185.49,19.50999999999999,19.50999999999999,Medium
SMP-2026-0318,2026-02-22 20:00:00,LOC-108,Philadelphia,Pa,431,500.94,-69.94,69.94,High
SMP-2026-0319,2026-02-23 00:00:00,LOC-108,Philadelphia,Pa,467,229.06333333333333,237.93666666666667,237.93666666666667,Medium
SMP-2026-0320,2026-02-23 04:00:00,LOC-102,Chicago,Il,173,216.25333333333333,-43.25333333333333,43.25333333333333,Medium
SMP-2026-0321,2026-02-23 08:00:00,LOC-106,New Orleans,La,201,167.79333333333332,33.20666666666668,33.20666666666668,Medium
SMP-2026-0322,2026-02-23 12:00:00,LOC-107,Miami,Fl,335,184.32666666666665,150.67333333333335,150.67333333333335,Medium
SMP-2026-0323,2026-02-23 16:00:00,LOC-102,Chicago,Il,33,39.56666666666667,-6.56666666666667,6.56666666666667,Low
SMP-2026-0324,2026-02-23 20:00:00,LOC-110,Annapolis,Md,320,352.93666666666667,-32.93666666666667,32.93666666666667,High
SMP-2026-0325,2026-02-24 00:00:00,LOC-102,Chicago,Il,583,620.87,-37.870000000000005,37.870000000000005,High
SMP-2026-0326,2026-02-24 04:00:00,LOC-110,Annapolis,Md,473,446.03,26.970000000000027,26.970000000000027,High
SMP-2026-0327,2026-02-24 08:00:00,LOC-101,New York,Ny,179,171.50666666666666,7.493333333333339,7.493333333333339,Medium
SMP-2026-0328,2026-02-24 12:00:00,LOC-108,Philadelphia,Pa,76,53.32,22.68,22.68,Low
SMP-2026-0329,2026-02-24 16:00:00,LOC-101,New York,Ny,216,166.63666666666666,49.363333333333344,49.363333333333344,Medium
SMP-2026-0330,2026-02-24 20:00:00,LOC-109,Cleveland,Oh,194,238.97333333333333,-44.97333333333333,44.97333333333333,Medium
SMP-2026-0331,2026-02-25 00:00:00,LOC-106,New Orleans,La,263,370.17333333333335,-107.17333333333335,107.17333333333335,High
SMP-2026-0332,2026-02-25 04:00:00,LOC-107,Miami,Fl,187,183.59666666666666,3.403333333333336,3.403333333333336,Medium
SMP-2026-0333,2026-02-25 08:00:00,LOC-110,Annapolis,Md,287,556.09,-269.09000000000003,269.09000000000003,High
SMP-2026-0334,2026-02-25 12:00:00,LOC-107,Miami,Fl,833,737.69,95.30999999999995,95.30999999999995,Critical
SMP-2026-0335,2026-02-25 16:00:00,LOC-110,Annapolis,Md,263,300.8466666666667,-37.84666666666669,37.84666666666669,Medium
SMP-2026-0336,2026-02-25 20:00:00,LOC-103,San Francisco,Ca,441,539.93,-98.92999999999995,98.92999999999995,High
SMP-2026-0337,2026-02-26 00:00:00,LOC-102,Chicago,Il,151,241.26333333333332,-90.26333333333332,90.26333333333332,Medium
SMP-2026-0338,2026-02-26 04:00:00,LOC-109,Cleveland,Oh,568,528.62,39.379999999999995,39.379999999999995,High
SMP-2026-0339,2026-02-26 08:00:00,LOC-108,Philadelphia,Pa,196,258.5733333333333,-62.57333333333332,62.57333333333332,Medium
SMP-2026-0340,2026-02-26 12:00:00,LOC-110,Annapolis,Md,443,405.63666666666666,37.363333333333344,37.363333333333344,High
SMP-2026-0341,2026-02-26 16:00:00,LOC-107,Miami,Fl,182,177.47666666666666,4.5233333333333405,4.5233333333333405,Medium
SMP-2026-0342,2026-02-26 20:00:00,LOC-109,Cleveland,Oh,297,278.61,18.389999999999986,18.389999999999986,Medium
SMP-2026-0343,2026-02-27 00:00:00,LOC-104,New York,Ny,244,240.85,3.1500000000000057,3.1500000000000057,Medium
SMP-2026-0344,2026-02-27 04:00:00,LOC-104,New York,Ny,184,263.5366666666667,-79.53666666666669,79.53666666666669,Medium
SMP-2026-0345,2026-02-27 08:00:00,LOC-101,New York,Ny,138,127.15333333333334,10.846666666666664,10.846666666666664,Medium
SMP-2026-0346,2026-02-27 12:00:00,LOC-108,Philadelphia,Pa,283,406.1433333333333,-123.14333333333332,123.14333333333332,High
SMP-2026-0347,2026-02-27 16:00:00,LOC-103,San Francisco,Ca,492,598.5533333333333,-106.55333333333328,106.55333333333328,High
SMP-2026-0348,2026-02-27 20:00:00,LOC-107,Miami,Fl,175,203.57,-28.569999999999993,28.569999999999993,Medium
SMP-2026-0349,2026-02-28 00:00:00,LOC-102,Chicago,Il,176,166.17666666666668,9.823333333333323,9.823333333333323,Medium
SMP-2026-0350,2026-02-28 04:00:00,LOC-102,Chicago,Il,940,806.3666666666667,133.63333333333333,133.63333333333333,Critical
SMP-2026-0351,2026-02-28 08:00:00,LOC-107,Miami,Fl,616,645.2766666666666,-29.276666666666642,29.276666666666642,High
SMP-2026-0352,2026-02-28 12:00:00,LOC-106,New Orleans,La,534,564.5033333333333,-30.50333333333333,30.50333333333333,High
SMP-2026-0353,2026-02-28 16:00:00,LOC-103,San Francisco,Ca,274,261.29,12.70999999999998,12.70999999999998,Medium
SMP-2026-0354,2026-02-28 20:00:00,LOC-109,Cleveland,Oh,116,183.79333333333332,-67.79333333333332,67.79333333333332,Medium
SMP-2026-0355,2026-03-01 00:00:00,LOC-110,Annapolis,Md,140,122.12,17.879999999999995,17.879999999999995,Medium
SMP-2026-0356,2026-03-01 04:00:00,LOC-106,New Orleans,La,102,157.73666666666668,-55.73666666666668,55.73666666666668,Medium
SMP-2026-0357,2026-03-01 08:00:00,LOC-110,Annapolis,Md,894,774.4466666666667,119.55333333333328,119.55333333333328,Critical
SMP-2026-0358,2026-03-01 12:00:00,LOC-110,Annapolis,Md,660,608.9133333333333,51.0866666666667,51.0866666666667,High
SMP-2026-0359,2026-03-01 16:00:00,LOC-106,New Orleans,La,562,515.74,46.25999999999999,46.25999999999999,High
SMP-2026-0360,2026-03-01 20:00:00,LOC-101,New York,Ny,748,668.48,79.51999999999998,79.51999999999998,High
SMP-2026-0361,2026-03-02 00:00:00,LOC-104,New York,Ny,407,395.13,11.870000000000005,11.870000000000005,High
SMP-2026-0362,2026-03-02 04:00:00,LOC-110,Annapolis,Md,373,380.9633333333333,-7.96333333333331,7.96333333333331,High
SMP-2026-0363,2026-03-02 08:00:00,LOC-106,New Orleans,La,122,177.20333333333335,-55.20333333333335,55.20333333333335,Medium
SMP-2026-0364,2026-03-02 12:00:00,LOC-106,New Orleans,La,762,609.31,152.69000000000005,152.69000000000005,High
SMP-2026-0365,2026-03-02 16:00:00,LOC-105,Seattle,Wa,89,92.46666666666667,-3.4666666666666686,3.4666666666666686,Low
SMP-2026-0366,2026-03-02 20:00:00,LOC-101,New York,Ny,976,608.3566666666667,367.6433333333333,367.6433333333333,High
SMP-2026-0367,2026-03-03 00:00:00,LOC-108,Philadelphia,Pa,588,593.8033333333333,-5.803333333333285,5.803333333333285,High
SMP-2026-0368,2026-03-03 04:00:00,LOC-105,Seattle,Wa,61,88.9,-27.900000000000006,27.900000000000006,Low
SMP-2026-0369,2026-03-03 08:00:00,LOC-105,Seattle,Wa,299,324.41,-25.410000000000025,25.410000000000025,Medium
SMP-2026-0370,2026-03-03 12:00:00,LOC-107,Miami,Fl,725,663.6166666666667,61.383333333333326,61.383333333333326,High
SMP-2026-0371,2026-03-03 16:00:00,LOC-104,New York,Ny,271,419.27666666666664,-148.27666666666664,148.27666666666664,High
SMP-2026-0372,2026-03-03 20:00:00,LOC-106,New Orleans,La,457,526.9,-69.89999999999998,69.89999999999998,High
SMP-2026-0373,2026-03-04 00:00:00,LOC-104,New York,Ny,931,830.1466666666666,100.85333333333335,100.85333333333335,Critical
SMP-2026-0374,2026-03-04 04:00:00,LOC-103,San Francisco,Ca,342,325.08666666666664,16.913333333333355,16.913333333333355,Medium
SMP-2026-0375,2026-03-04 08:00:00,LOC-107,Miami,Fl,285,274.5966666666667,10.403333333333308,10.403333333333308,Medium
SMP-2026-0376,2026-03-04 12:00:00,LOC-108,Philadelphia,Pa,504,530.5066666666667,-26.50666666666666,26.50666666666666,High
SMP-2026-0377,2026-03-04 16:00:00,LOC-104,New York,Ny,615,557.29,57.710000000000036,57.710000000000036,High
SMP-2026-0378,2026-03-04 20:00:00,LOC-102,Chicago,Il,84,125.12333333333333,-41.123333333333335,41.123333333333335,Medium
SMP-2026-0379,2026-03-05 00:00:00,LOC-110,Annapolis,Md,70,62.44,7.560000000000002,7.560000000000002,Low
SMP-2026-0380,2026-03-05 04:00:00,LOC-103,San Francisco,Ca,188,245.87,-57.870000000000005,57.870000000000005,Medium
SMP-2026-0381,2026-03-05 08:00:00,LOC-101,New York,Ny,950,791.2466666666667,158.75333333333333,158.75333333333333,Critical
SMP-2026-0382,2026-03-05 12:00:00,LOC-108,Philadelphia,Pa,583,556.2766666666666,26.723333333333358,26.723333333333358,High
SMP-2026-0383,2026-03-05 16:00:00,LOC-103,San Francisco,Ca,438,538.09,-100.09000000000003,100.09000000000003,High
SMP-2026-0384,2026-03-05 20:00:00,LOC-110,Annapolis,Md,135,126.32,8.680000000000007,8.680000000000007,Medium
SMP-2026-0385,2026-03-06 00:00:00,LOC-107,Miami,Fl,227,218.01666666666668,8.98333333333332,8.98333333333332,Medium
SMP-2026-0386,2026-03-06 04:00:00,LOC-110,Annapolis,Md,320,392.84,-72.83999999999997,72.83999999999997,High
SMP-2026-0387,2026-03-06 08:00:00,LOC-105,Seattle,Wa,191,180.20333333333335,10.796666666666653,10.796666666666653,Medium
SMP-2026-0388,2026-03-06 12:00:00,LOC-110,Annapolis,Md,154,195.57,-41.56999999999999,41.56999999999999,Medium
SMP-2026-0389,2026-03-06 16:00:00,LOC-105,Seattle,Wa,162,145.10666666666665,16.893333333333345,16.893333333333345,Medium
SMP-2026-0390,2026-03-06 20:00:00,LOC-107,Miami,Fl,672,614.9533333333334,57.046666666666624,57.046666666666624,High
SMP-2026-0391,2026-03-07 00:00:00,LOC-109,Cleveland,Oh,522,552.2033333333334,-30.203333333333376,30.203333333333376,High
SMP-2026-0392,2026-03-07 04:00:00,LOC-105,Seattle,Wa,282,249.88333333333333,32.116666666666674,32.116666666666674,Medium
SMP-2026-0393,2026-03-07 08:00:00,LOC-101,New York,Ny,283,329.7366666666667,-46.73666666666668,46.73666666666668,Medium
SMP-2026-0394,2026-03-07 12:00:00,LOC-110,Annapolis,Md,220,304.7,-84.69999999999999,84.69999999999999,Medium
SMP-2026-0395,2026-03-07 16:00:00,LOC-110,Annapolis,Md,1110,1025.5566666666666,84.44333333333338,84.44333333333338,Critical
SMP-2026-0396,2026-03-07 20:00:00,LOC-101,New York,Ny,117,103.35333333333334,13.646666666666661,13.646666666666661,Medium
SMP-2026-0397,2026-03-08 00:00:00,LOC-102,Chicago,Il,338,348.1666666666667,-10.166666666666686,10.166666666666686,Medium
SMP-2026-0398,2026-03-08 04:00:00,LOC-106,New Orleans,La,250,244.77333333333334,5.2266666666666595,5.2266666666666595,Medium
SMP-2026-0399,2026-03-08 08:00:00,LOC-109,Cleveland,Oh,466,491.99333333333334,-25.99333333333334,25.99333333333334,High
SMP-2026-0400,2026-03-08 12:00:00,LOC-108,Philadelphia,Pa,554,470.07666666666665,83.92333333333335,83.92333333333335,High
SMP-2026-0401,2026-03-08 16:00:00,LOC-105,Seattle,Wa,64,86.35333333333334,-22.35333333333334,22.35333333333334,Low
SMP-2026-0402,2026-03-08 20:00:00,LOC-101,New York,Ny,338,374.2033333333333,-36.20333333333332,36.20333333333332,High
SMP-2026-0403,2026-03-09 00:00:00,LOC-107,Miami,Fl,534,511.01666666666665,22.98333333333335,22.98333333333335,High
SMP-2026-0404,2026-03-09 04:00:00,LOC-105,Seattle,Wa,22,25.16,-3.16,3.16,Low
SMP-2026-0405,2026-03-09 08:00:00,LOC-106,New Orleans,La,576,561.3433333333334,14.656666666666638,14.656666666666638,High
SMP-2026-0406,2026-03-09 12:00:00,LOC-107,Miami,Fl,91,122.03,-31.03,31.03,Medium
SMP-2026-0407,2026-03-09 16:00:00,LOC-103,San Francisco,Ca,221,278.34,-57.339999999999975,57.339999999999975,Medium
SMP-2026-0408,2026-03-09 20:00:00,LOC-110,Annapolis,Md,211,258.77666666666664,-47.77666666666664,47.77666666666664,Medium
SMP-2026-0409,2026-03-10 00:00:00,LOC-103,San Francisco,Ca,778,556.33,221.66999999999996,221.66999999999996,High
SMP-2026-0410,2026-03-10 04:00:00,LOC-105,Seattle,Wa,145,193.54,-48.53999999999999,48.53999999999999,Medium
SMP-2026-0411,2026-03-10 08:00:00,LOC-106,New Orleans,La,812,754.46,57.539999999999964,57.539999999999964,Critical
SMP-2026-0412,2026-03-10 12:00:00,LOC-109,Cleveland,Oh,689,574.4066666666666,114.59333333333336,114.59333333333336,High
SMP-2026-0413,2026-03-10 16:00:00,LOC-105,Seattle,Wa,639,551.04,87.96000000000004,87.96000000000004,High
SMP-2026-0414,2026-03-10 20:00:00,LOC-101,New York,Ny,841,737.0033333333333,103.99666666666667,103.99666666666667,Critical
SMP-2026-0415,2026-03-11 00:00:00,LOC-104,New York,Ny,367,434.03333333333336,-67.03333333333336,67.03333333333336,High
SMP-2026-0416,2026-03-11 04:00:00,LOC-105,Seattle,Wa,41,44.74666666666667,-3.7466666666666697,3.7466666666666697,Low
SMP-2026-0417,2026-03-11 08:00:00,LOC-110,Annapolis,Md,271,280.57,-9.569999999999993,9.569999999999993,Medium
SMP-2026-0418,2026-03-11 12:00:00,LOC-110,Annapolis,Md,447,514.56,-67.55999999999995,67.55999999999995,High
SMP-2026-0419,2026-03-11 16:00:00,LOC-105,Seattle,Wa,131,116.60333333333334,14.396666666666661,14.396666666666661,Medium
SMP-2026-0420,2026-03-11 20:00:00,LOC-107,Miami,Fl,610,579.3466666666667,30.653333333333308,30.653333333333308,High
SMP-2026-0421,2026-03-12 00:00:00,LOC-104,New York,Ny,1015,932.01,82.99000000000001,82.99000000000001,Critical
SMP-2026-0422,2026-03-12 04:00:00,LOC-101,New York,Ny,40,45.446666666666665,-5.446666666666665,5.446666666666665,Low
SMP-2026-0423,2026-03-12 08:00:00,LOC-105,Seattle,Wa,738,675.0866666666667,62.9133333333333,62.9133333333333,High
SMP-2026-0424,2026-03-12 12:00:00,LOC-107,Miami,Fl,257,298.2366666666667,-41.23666666666668,41.23666666666668,Medium
SMP-2026-0425,2026-03-12 16:00:00,LOC-110,Annapolis,Md,408,394.43,13.569999999999993,13.569999999999993,High
SMP-2026-0426,2026-03-12 20:00:00,LOC-110,Annapolis,Md,81,90.50666666666666,-9.50666666666666,9.50666666666666,Low
SMP-2026-0427,2026-03-13 00:00:00,LOC-106,New Orleans,La,65,61.13333333333333,3.866666666666667,3.866666666666667,Low
SMP-2026-0428,2026-03-13 04:00:00,LOC-105,Seattle,Wa,432,448.20666666666665,-16.20666666666665,16.20666666666665,High
SMP-2026-0429,2026-03-13 08:00:00,LOC-104,New York,Ny,902,818.6133333333333,83.38666666666666,83.38666666666666,Critical
SMP-2026-0430,2026-03-13 12:00:00,LOC-102,Chicago,Il,841,577.8866666666667,263.11333333333334,263.11333333333334,High
SMP-2026-0431,2026-03-13 16:00:00,LOC-104,New York,Ny,575,500.85333333333335,74.14666666666665,74.14666666666665,High
SMP-2026-0432,2026-03-13 20:00:00,LOC-110,Annapolis,Md,51,66.10333333333334,-15.103333333333339,15.103333333333339,Low
SMP-2026-0433,2026-03-14 00:00:00,LOC-110,Annapolis,Md,702,582.8566666666667,119.14333333333332,119.14333333333332,High
SMP-2026-0434,2026-03-14 04:00:00,LOC-103,San Francisco,Ca,249,217.26333333333332,31.73666666666668,31.73666666666668,Medium
SMP-2026-0435,2026-03-14 08:00:00,LOC-110,Annapolis,Md,310,410.10333333333335,-100.10333333333335,100.10333333333335,High
SMP-2026-0436,2026-03-14 12:00:00,LOC-101,New York,Ny,299,437.75666666666666,-138.75666666666666,138.75666666666666,High
SMP-2026-0437,2026-03-14 16:00:00,LOC-108,Philadelphia,Pa,243,534.0233333333333,-291.0233333333333,291.0233333333333,High
SMP-2026-0438,2026-03-14 20:00:00,LOC-105,Seattle,Wa,241,368.99666666666667,-127.99666666666667,127.99666666666667,High
SMP-2026-0439,2026-03-15 00:00:00,LOC-104,New York,Ny,48,48.04333333333334,-0.043333333333336554,0.043333333333336554,Low
SMP-2026-0440,2026-03-15 04:00:00,LOC-108,Philadelphia,Pa,840,521.8166666666667,318.1833333333333,318.1833333333333,High
SMP-2026-0441,2026-03-15 08:00:00,LOC-107,Miami,Fl,222,241.71666666666667,-19.71666666666667,19.71666666666667,Medium
SMP-2026-0442,2026-03-15 12:00:00,LOC-102,Chicago,Il,665,617.1033333333334,47.89666666666665,47.89666666666665,High
SMP-2026-0443,2026-03-15 16:00:00,LOC-101,New York,Ny,322,287.3433333333333,34.656666666666695,34.656666666666695,Medium
SMP-2026-0444,2026-03-15 20:00:00,LOC-104,New York,Ny,356,410.36333333333334,-54.363333333333344,54.363333333333344,High
SMP-2026-0445,2026-03-16 00:00:00,LOC-108,Philadelphia,Pa,897,760.4266666666666,136.57333333333338,136.57333333333338,Critical
SMP-2026-0446,2026-03-16 04:00:00,LOC-102,Chicago,Il,62,55.776666666666664,6.223333333333336,6.223333333333336,Low
SMP-2026-0447,2026-03-16 08:00:00,LOC-103,San Francisco,Ca,311,320.7866666666667,-9.78666666666669,9.78666666666669,Medium
SMP-2026-0448,2026-03-16 12:00:00,LOC-101,New York,Ny,431,460.89666666666665,-29.896666666666647,29.896666666666647,High
SMP-2026-0449,2026-03-16 16:00:00,LOC-101,New York,Ny,353,355.43333333333334,-2.433333333333337,2.433333333333337,High
SMP-2026-0450,2026-03-16 20:00:00,LOC-103,San Francisco,Ca,104,166.16333333333333,-62.16333333333333,62.16333333333333,Medium
SMP-2026-0451,2026-03-17 00:00:00,LOC-105,Seattle,Wa,232,211.43666666666667,20.563333333333333,20.563333333333333,Medium
SMP-2026-0452,2026-03-17 04:00:00,LOC-103,San Francisco,Ca,82,112.87,-30.870000000000005,30.870000000000005,Medium
SMP-2026-0453,2026-03-17 08:00:00,LOC-101,New York,Ny,904,753.67,150.33000000000004,150.33000000000004,Critical
SMP-2026-0454,2026-03-17 12:00:00,LOC-101,New York,Ny,339,352.45,-13.449999999999989,13.449999999999989,High
SMP-2026-0455,2026-03-17 16:00:00,LOC-108,Philadelphia,Pa,48,63.60333333333333,-15.603333333333332,15.603333333333332,Low
SMP-2026-0456,2026-03-17 20:00:00,LOC-110,Annapolis,Md,347,309.6566666666667,37.343333333333305,37.343333333333305,Medium
SMP-2026-0457,2026-03-18 00:00:00,LOC-102,Chicago,Il,156,213.53666666666666,-57.53666666666666,57.53666666666666,Medium
SMP-2026-0458,2026-03-18 04:00:00,LOC-103,San Francisco,Ca,196,185.56333333333333,10.436666666666667,10.436666666666667,Medium
SMP-2026-0459,2026-03-18 08:00:00,LOC-102,Chicago,Il,506,435.5833333333333,70.41666666666669,70.41666666666669,High
SMP-2026-0460,2026-03-18 12:00:00,LOC-103,San Francisco,Ca,345,325.49333333333334,19.50666666666666,19.50666666666666,Medium
SMP-2026-0461,2026-03-18 16:00:00,LOC-107,Miami,Fl,110,184.89666666666668,-74.89666666666668,74.89666666666668,Medium
SMP-2026-0462,2026-03-18 20:00:00,LOC-101,New York,Ny,582,566.4733333333334,15.526666666666642,15.526666666666642,High
SMP-2026-0463,2026-03-19 00:00:00,LOC-110,Annapolis,Md,218,199.21666666666667,18.78333333333333,18.78333333333333,Medium
SMP-2026-0464,2026-03-19 04:00:00,LOC-108,Philadelphia,Pa,646,564.68,81.32000000000005,81.32000000000005,High
SMP-2026-0465,2026-03-19 08:00:00,LOC-110,Annapolis,Md,175,234.55,-59.55000000000001,59.55000000000001,Medium
SMP-2026-0466,2026-03-19 12:00:00,LOC-110,Annapolis,Md,399,381.31,17.689999999999998,17.689999999999998,High
SMP-2026-0467,2026-03-19 16:00:00,LOC-110,Annapolis,Md,494,488.9766666666667,5.023333333333312,5.023333333333312,High
SMP-2026-0468,2026-03-19 20:00:00,LOC-102,Chicago,Il,226,267.3466666666667,-41.34666666666669,41.34666666666669,Medium
SMP-2026-0469,2026-03-20 00:00:00,LOC-103,San Francisco,Ca,478,504.45666666666665,-26.45666666666665,26.45666666666665,High
SMP-2026-0470,2026-03-20 04:00:00,LOC-109,Cleveland,Oh,443,485.6066666666667,-42.60666666666668,42.60666666666668,High
SMP-2026-0471,2026-03-20 08:00:00,LOC-107,Miami,Fl,561,464.6,96.39999999999998,96.39999999999998,High
SMP-2026-0472,2026-03-20 12:00:00,LOC-104,New York,Ny,902,796.9866666666667,105.01333333333332,105.01333333333332,Critical
SMP-2026-0473,2026-03-20 16:00:00,LOC-110,Annapolis,Md,505,460.78333333333336,44.21666666666664,44.21666666666664,High
SMP-2026-0474,2026-03-20 20:00:00,LOC-105,Seattle,Wa,196,211.18666666666667,-15.186666666666667,15.186666666666667,Medium
SMP-2026-0475,2026-03-21 00:00:00,LOC-102,Chicago,Il,116,139.02666666666667,-23.02666666666667,23.02666666666667,Medium
SMP-2026-0476,2026-03-21 04:00:00,LOC-108,Philadelphia,Pa,189,169.10333333333332,19.896666666666675,19.896666666666675,Medium
SMP-2026-0477,2026-03-21 08:00:00,LOC-104,New York,Ny,1015,848.7733333333333,166.2266666666667,166.2266666666667,Critical
SMP-2026-0478,2026-03-21 12:00:00,LOC-109,Cleveland,Oh,779,703.3133333333334,75.68666666666661,75.68666666666661,Critical
SMP-2026-0479,2026-03-21 16:00:00,LOC-105,Seattle,Wa,894,784.0866666666667,109.9133333333333,109.9133333333333,Critical
SMP-2026-0480,2026-03-21 20:00:00,LOC-109,Cleveland,Oh,330,458.7633333333333,-128.76333333333332,128.76333333333332,High
SMP-2026-0481,2026-03-22 00:00:00,LOC-104,New York,Ny,479,439.93,39.06999999999999,39.06999999999999,High
SMP-2026-0482,2026-03-22 04:00:00,LOC-110,Annapolis,Md,69,69.66333333333333,-0.6633333333333269,0.6633333333333269,Low
SMP-2026-0483,2026-03-22 08:00:00,LOC-105,Seattle,Wa,375,430.6933333333333,-55.69333333333333,55.69333333333333,High
SMP-2026-0484,2026-03-22 12:00:00,LOC-109,Cleveland,Oh,546,480.3466666666667,65.65333333333331,65.65333333333331,High
SMP-2026-0485,2026-03-22 16:00:00,LOC-108,Philadelphia,Pa,316,517.6366666666667,-201.63666666666666,201.63666666666666,High
SMP-2026-0486,2026-03-22 20:00:00,LOC-103,San Francisco,Ca,81,122.02333333333333,-41.023333333333326,41.023333333333326,Medium
SMP-2026-0487,2026-03-23 00:00:00,LOC-101,New York,Ny,357,358.81666666666666,-1.8166666666666629,1.8166666666666629,High
SMP-2026-0488,2026-03-23 04:00:00,LOC-103,San Francisco,Ca,428,452.2966666666667,-24.29666666666668,24.29666666666668,High
SMP-2026-0489,2026-03-23 08:00:00,LOC-104,New York,Ny,678,605.24,72.75999999999999,72.75999999999999,High
SMP-2026-0490,2026-03-23 12:00:00,LOC-102,Chicago,Il,208,265.70666666666665,-57.70666666666665,57.70666666666665,Medium
SMP-2026-0491,2026-03-23 16:00:00,LOC-101,New York,Ny,280,369.79,-89.79000000000002,89.79000000000002,High
SMP-2026-0492,2026-03-23 20:00:00,LOC-107,Miami,Fl,99,119.3,-20.299999999999997,20.299999999999997,Medium
SMP-2026-0493,2026-03-24 00:00:00,LOC-108,Philadelphia,Pa,202,345.55,-143.55,143.55,Medium
SMP-2026-0494,2026-03-24 04:00:00,LOC-107,Miami,Fl,200,463.6333333333333,-263.6333333333333,263.6333333333333,High
SMP-2026-0495,2026-03-24 08:00:00,LOC-105,Seattle,Wa,755,574.15,180.85000000000002,180.85000000000002,High
SMP-2026-0496,2026-03-24 12:00:00,LOC-101,New York,Ny,549,593.2066666666667,-44.206666666666706,44.206666666666706,High
SMP-2026-0497,2026-03-24 16:00:00,LOC-107,Miami,Fl,312,296.6666666666667,15.333333333333314,15.333333333333314,Medium
SMP-2026-0498,2026-03-24 20:00:00,LOC-107,Miami,Fl,341,286.3,54.69999999999999,54.69999999999999,Medium
SMP-2026-0499,2026-03-25 00:00:00,LOC-109,Cleveland,Oh,826,792.27,33.73000000000002,33.73000000000002,Critical
SMP-2026-0500,2026-03-25 04:00:00,LOC-103,San Francisco,Ca,169,325.75333333333333,-156.75333333333333,156.75333333333333,Medium
SMP-2026-0501,2026-03-25 08:00:00,LOC-109,Cleveland,Oh,318,422.0233333333333,-104.02333333333331,104.02333333333331,High
SMP-2026-0502,2026-03-25 12:00:00,LOC-101,New York,Ny,202,180.22,21.78,21.78,Medium
SMP-2026-0503,2026-03-25 16:00:00,LOC-101,New York,Ny,473,489.7266666666667,-16.726666666666688,16.726666666666688,High
SMP-2026-0504,2026-03-25 20:00:00,LOC-104,New York,Ny,807,772.3933333333333,34.60666666666668,34.60666666666668,Critical
SMP-2026-0505,2026-03-26 00:00:00,LOC-109,Cleveland,Oh,967,808.9333333333333,158.06666666666672,158.06666666666672,Critical
SMP-2026-0506,2026-03-26 04:00:00,LOC-106,New Orleans,La,388,315.01666666666665,72.98333333333335,72.98333333333335,Medium
SMP-2026-0507,2026-03-26 08:00:00,LOC-103,San Francisco,Ca,810,726.8033333333333,83.19666666666672,83.19666666666672,Critical
SMP-2026-0508,2026-03-26 12:00:00,LOC-101,New York,Ny,413,371.28333333333336,41.71666666666664,41.71666666666664,High
SMP-2026-0509,2026-03-26 16:00:00,LOC-104,New York,Ny,60,63.77333333333333,-3.7733333333333334,3.7733333333333334,Low
SMP-2026-0510,2026-03-26 20:00:00,LOC-109,Cleveland,Oh,780,714.4133333333333,65.5866666666667,65.5866666666667,Critical
SMP-2026-0511,2026-03-27 00:00:00,LOC-103,San Francisco,Ca,516,533.4133333333333,-17.4133333333333,17.4133333333333,High
SMP-2026-0512,2026-03-27 04:00:00,LOC-109,Cleveland,Oh,276,423.51666666666665,-147.51666666666665,147.51666666666665,High
SMP-2026-0513,2026-03-27 08:00:00,LOC-107,Miami,Fl,430,402.33666666666664,27.663333333333355,27.663333333333355,High
SMP-2026-0514,2026-03-27 12:00:00,LOC-104,New York,Ny,199,180.98,18.02000000000001,18.02000000000001,Medium
SMP-2026-0515,2026-03-27 16:00:00,LOC-103,San Francisco,Ca,82,75.22333333333333,6.776666666666671,6.776666666666671,Low
SMP-2026-0516,2026-03-27 20:00:00,LOC-110,Annapolis,Md,367,336.38666666666666,30.613333333333344,30.613333333333344,Medium
SMP-2026-0517,2026-03-28 00:00:00,LOC-105,Seattle,Wa,182,217.69333333333333,-35.69333333333333,35.69333333333333,Medium
SMP-2026-0518,2026-03-28 04:00:00,LOC-105,Seattle,Wa,851,716.05,134.95000000000005,134.95000000000005,Critical
SMP-2026-0519,2026-03-28 08:00:00,LOC-103,San Francisco,Ca,370,320.6533333333333,49.34666666666669,49.34666666666669,Medium
SMP-2026-0520,2026-03-28 12:00:00,LOC-109,Cleveland,Oh,771,721.1033333333334,49.89666666666665,49.89666666666665,Critical
SMP-2026-0521,2026-03-28 16:00:00,LOC-104,New York,Ny,487,594.74,-107.74000000000001,107.74000000000001,High
SMP-2026-0522,2026-03-28 20:00:00,LOC-105,Seattle,Wa,375,411.4633333333333,-36.46333333333331,36.46333333333331,High
SMP-2026-0523,2026-03-29 00:00:00,LOC-104,New York,Ny,791,674.6833333333333,116.31666666666672,116.31666666666672,High
SMP-2026-0524,2026-03-29 04:00:00,LOC-105,Seattle,Wa,243,416.3233333333333,-173.32333333333332,173.32333333333332,High
SMP-2026-0525,2026-03-29 08:00:00,LOC-107,Miami,Fl,268,301.71666666666664,-33.71666666666664,33.71666666666664,Medium
SMP-2026-0526,2026-03-29 12:00:00,LOC-109,Cleveland,Oh,183,174.56333333333333,8.436666666666667,8.436666666666667,Medium
SMP-2026-0527,2026-03-29 16:00:00,LOC-107,Miami,Fl,328,370.75,-42.75,42.75,High
SMP-2026-0528,2026-03-29 20:00:00,LOC-105,Seattle,Wa,348,313.9166666666667,34.083333333333314,34.083333333333314,Medium
SMP-2026-0529,2026-03-30 00:00:00,LOC-110,Annapolis,Md,336,587.3866666666667,-251.38666666666666,251.38666666666666,High
SMP-2026-0530,2026-03-30 04:00:00,LOC-110,Annapolis,Md,319,325.3566666666667,-6.356666666666683,6.356666666666683,Medium
SMP-2026-0531,2026-03-30 08:00:00,LOC-107,Miami,Fl,850,734.2966666666666,115.70333333333338,115.70333333333338,Critical
SMP-2026-0532,2026-03-30 12:00:00,LOC-110,Annapolis,Md,338,387.76,-49.75999999999999,49.75999999999999,High
SMP-2026-0533,2026-03-30 16:00:00,LOC-105,Seattle,Wa,63,83.28333333333333,-20.28333333333333,20.28333333333333,Low
SMP-2026-0534,2026-03-30 20:00:00,LOC-103,San Francisco,Ca,844,881.7633333333333,-37.76333333333332,37.76333333333332,Critical
SMP-2026-0535,2026-03-31 00:00:00,LOC-107,Miami,Fl,601,364.56,236.44,236.44,High
SMP-2026-0536,2026-03-31 04:00:00,LOC-102,Chicago,Il,326,315.3933333333333,10.606666666666683,10.606666666666683,Medium
SMP-2026-0537,2026-03-31 08:00:00,LOC-109,Cleveland,Oh,245,348.92,-103.92000000000002,103.92000000000002,Medium
SMP-2026-0538,2026-03-31 12:00:00,LOC-110,Annapolis,Md,83,91.23,-8.230000000000004,8.230000000000004,Low
SMP-2026-0539,2026-03-31 16:00:00,LOC-110,Annapolis,Md,666,565.4333333333333,100.56666666666672,100.56666666666672,High
SMP-2026-0540,2026-03-31 20:00:00,LOC-101,New York,Ny,241,296.2733333333333,-55.27333333333331,55.27333333333331,Medium
SMP-2026-0541,2026-04-01 00:00:00,LOC-106,New Orleans,La,336,308.7366666666667,27.26333333333332,27.26333333333332,Medium
SMP-2026-0542,2026-04-01 04:00:00,LOC-107,Miami,Fl,581,595.3533333333334,-14.353333333333353,14.353333333333353,High
SMP-2026-0543,2026-04-01 08:00:00,LOC-108,Philadelphia,Pa,246,397.36333333333334,-151.36333333333334,151.36333333333334,High
SMP-2026-0544,2026-04-01 12:00:00,LOC-110,Annapolis,Md,234,168.03333333333333,65.96666666666667,65.96666666666667,Medium
SMP-2026-0545,2026-04-01 16:00:00,LOC-109,Cleveland,Oh,432,417.74666666666667,14.25333333333333,14.25333333333333,High
SMP-2026-0546,2026-04-01 20:00:00,LOC-102,Chicago,Il,773,720.35,52.64999999999998,52.64999999999998,Critical
SMP-2026-0547,2026-04-02 00:00:00,LOC-110,Annapolis,Md,98,127.26333333333334,-29.263333333333335,29.263333333333335,Medium
SMP-2026-0548,2026-04-02 04:00:00,LOC-102,Chicago,Il,92,130.40666666666667,-38.406666666666666,38.406666666666666,Medium
SMP-2026-0549,2026-04-02 08:00:00,LOC-105,Seattle,Wa,39,33.77,5.229999999999997,5.229999999999997,Low
SMP-2026-0550,2026-04-02 12:00:00,LOC-105,Seattle,Wa,47,38.38666666666666,8.613333333333337,8.613333333333337,Low
SMP-2026-0551,2026-04-02 16:00:00,LOC-106,New Orleans,La,338,423.94666666666666,-85.94666666666666,85.94666666666666,High
SMP-2026-0552,2026-04-02 20:00:00,LOC-103,San Francisco,Ca,218,374.66,-156.66000000000003,156.66000000000003,High
SMP-2026-0553,2026-04-03 00:00:00,LOC-108,Philadelphia,Pa,130,171.27666666666667,-41.27666666666667,41.27666666666667,Medium
SMP-2026-0554,2026-04-03 04:00:00,LOC-101,New York,Ny,810,726.7766666666666,83.22333333333336,83.22333333333336,Critical
SMP-2026-0555,2026-04-03 08:00:00,LOC-106,New Orleans,La,395,306.28,88.72000000000003,88.72000000000003,Medium
SMP-2026-0556,2026-04-03 12:00:00,LOC-104,New York,Ny,1026,926.9233333333333,99.07666666666671,99.07666666666671,Critical
SMP-2026-0557,2026-04-03 16:00:00,LOC-101,New York,Ny,412,521.7133333333334,-109.71333333333337,109.71333333333337,High
SMP-2026-0558,2026-04-03 20:00:00,LOC-107,Miami,Fl,450,386.7966666666667,63.20333333333332,63.20333333333332,High
SMP-2026-0559,2026-04-04 00:00:00,LOC-109,Cleveland,Oh,321,357.31333333333333,-36.31333333333333,36.31333333333333,High
SMP-2026-0560,2026-04-04 04:00:00,LOC-104,New York,Ny,550,472.84,77.16000000000003,77.16000000000003,High
SMP-2026-0561,2026-04-04 08:00:00,LOC-104,New York,Ny,324,303.97,20.029999999999973,20.029999999999973,Medium
SMP-2026-0562,2026-04-04 12:00:00,LOC-106,New Orleans,La,158,152.13,5.8700000000000045,5.8700000000000045,Medium
SMP-2026-0563,2026-04-04 16:00:00,LOC-103,San Francisco,Ca,298,321.4033333333333,-23.403333333333308,23.403333333333308,Medium
SMP-2026-0564,2026-04-04 20:00:00,LOC-106,New Orleans,La,291,360.13,-69.13,69.13,High
SMP-2026-0565,2026-04-05 00:00:00,LOC-107,Miami,Fl,344,407.39666666666665,-63.39666666666665,63.39666666666665,High
SMP-2026-0566,2026-04-05 04:00:00,LOC-110,Annapolis,Md,617,577.0433333333333,39.956666666666706,39.956666666666706,High
SMP-2026-0567,2026-04-05 08:00:00,LOC-110,Annapolis,Md,730,652.9133333333333,77.0866666666667,77.0866666666667,High
SMP-2026-0568,2026-04-05 12:00:00,LOC-103,San Francisco,Ca,584,528.0933333333334,55.90666666666664,55.90666666666664,High
SMP-2026-0569,2026-04-05 16:00:00,LOC-107,Miami,Fl,626,623.7333333333333,2.2666666666666515,2.2666666666666515,High
SMP-2026-0570,2026-04-05 20:00:00,LOC-103,San Francisco,Ca,659,622.6533333333333,36.34666666666669,36.34666666666669,High
SMP-2026-0571,2026-04-06 00:00:00,LOC-102,Chicago,Il,111,294.08666666666664,-183.08666666666664,183.08666666666664,Medium
SMP-2026-0572,2026-04-06 04:00:00,LOC-110,Annapolis,Md,226,263.3466666666667,-37.34666666666669,37.34666666666669,Medium
SMP-2026-0573,2026-04-06 08:00:00,LOC-104,New York,Ny,911,821.6233333333333,89.37666666666667,89.37666666666667,Critical
SMP-2026-0574,2026-04-06 12:00:00,LOC-108,Philadelphia,Pa,41,47.63,-6.630000000000003,6.630000000000003,Low
SMP-2026-0575,2026-04-06 16:00:00,LOC-109,Cleveland,Oh,692,634.44,57.559999999999945,57.559999999999945,High
SMP-2026-0576,2026-04-06 20:00:00,LOC-107,Miami,Fl,90,111.08333333333333,-21.08333333333333,21.08333333333333,Medium
SMP-2026-0577,2026-04-07 00:00:00,LOC-101,New York,Ny,471,431.97333333333336,39.02666666666664,39.02666666666664,High
SMP-2026-0578,2026-04-07 04:00:00,LOC-103,San Francisco,Ca,722,665.8666666666667,56.133333333333326,56.133333333333326,High
SMP-2026-0579,2026-04-07 08:00:00,LOC-109,Cleveland,Oh,128,216.63666666666666,-88.63666666666666,88.63666666666666,Medium
SMP-2026-0580,2026-04-07 12:00:00,LOC-101,New York,Ny,138,160.07,-22.069999999999993,22.069999999999993,Medium
SMP-2026-0581,2026-04-07 16:00:00,LOC-109,Cleveland,Oh,350,323.2266666666667,26.773333333333312,26.773333333333312,Medium
SMP-2026-0582,2026-04-07 20:00:00,LOC-108,Philadelphia,Pa,541,570.6566666666666,-29.656666666666638,29.656666666666638,High
SMP-2026-0583,2026-04-08 00:00:00,LOC-101,New York,Ny,21,23.673333333333332,-2.673333333333332,2.673333333333332,Low
SMP-2026-0584,2026-04-08 04:00:00,LOC-106,New Orleans,La,821,545.9966666666667,275.00333333333333,275.00333333333333,High
SMP-2026-0585,2026-04-08 08:00:00,LOC-105,Seattle,Wa,75,142.82666666666665,-67.82666666666665,67.82666666666665,Medium
SMP-2026-0586,2026-04-08 12:00:00,LOC-106,New Orleans,La,1004,885.67,118.33000000000004,118.33000000000004,Critical
SMP-2026-0587,2026-04-08 16:00:00,LOC-110,Annapolis,Md,672,635.0466666666666,36.953333333333376,36.953333333333376,High
SMP-2026-0588,2026-04-08 20:00:00,LOC-105,Seattle,Wa,184,251.47333333333333,-67.47333333333333,67.47333333333333,Medium
SMP-2026-0589,2026-04-09 00:00:00,LOC-106,New Orleans,La,471,444.8233333333333,26.176666666666677,26.176666666666677,High
SMP-2026-0590,2026-04-09 04:00:00,LOC-105,Seattle,Wa,353,347.4266666666667,5.5733333333333235,5.5733333333333235,Medium
SMP-2026-0591,2026-04-09 08:00:00,LOC-105,Seattle,Wa,339,373.4533333333333,-34.45333333333332,34.45333333333332,High
SMP-2026-0592,2026-04-09 12:00:00,LOC-104,New York,Ny,88,91.96666666666667,-3.9666666666666686,3.9666666666666686,Low
SMP-2026-0593,2026-04-09 16:00:00,LOC-103,San Francisco,Ca,43,45.21666666666667,-2.2166666666666686,2.2166666666666686,Low
SMP-2026-0594,2026-04-09 20:00:00,LOC-103,San Francisco,Ca,50,52.56,-2.5600000000000023,2.5600000000000023,Low
SMP-2026-0595,2026-04-10 00:00:00,LOC-104,New York,Ny,187,267.6166666666667,-80.61666666666667,80.61666666666667,Medium
SMP-2026-0596,2026-04-10 04:00:00,LOC-109,Cleveland,Oh,175,223.89333333333335,-48.893333333333345,48.893333333333345,Medium
SMP-2026-0597,2026-04-10 08:00:00,LOC-102,Chicago,Il,304,347.98,-43.98000000000002,43.98000000000002,Medium
SMP-2026-0598,2026-04-10 12:00:00,LOC-109,Cleveland,Oh,854,811.4566666666667,42.543333333333294,42.543333333333294,Critical
SMP-2026-0599,2026-04-10 16:00:00,LOC-101,New York,Ny,347,308.05333333333334,38.94666666666666,38.94666666666666,Medium
SMP-2026-0600,2026-04-10 20:00:00,LOC-101,New York,Ny,402,394.25666666666666,7.743333333333339,7.743333333333339,High
SMP-2026-0601,2026-04-11 00:00:00,LOC-105,Seattle,Wa,415,384.23333333333335,30.76666666666665,30.76666666666665,High
SMP-2026-0602,2026-04-11 04:00:00,LOC-106,New Orleans,La,860,592.54,267.46000000000004,267.46000000000004,High
SMP-2026-0603,2026-04-11 08:00:00,LOC-106,New Orleans,La,692,645.5333333333333,46.4666666666667,46.4666666666667,High
SMP-2026-0604,2026-04-11 12:00:00,LOC-103,San Francisco,Ca,710,698.97,11.029999999999973,11.029999999999973,High
SMP-2026-0605,2026-04-11 16:00:00,LOC-107,Miami,Fl,494,656.57,-162.57000000000005,162.57000000000005,High
SMP-2026-0606,2026-04-11 20:00:00,LOC-109,Cleveland,Oh,59,56.21,2.789999999999999,2.789999999999999,Low
SMP-2026-0607,2026-04-12 00:00:00,LOC-110,Annapolis,Md,238,360.83,-122.82999999999998,122.82999999999998,High
SMP-2026-0608,2026-04-12 04:00:00,LOC-108,Philadelphia,Pa,422,460.3933333333333,-38.39333333333332,38.39333333333332,High
SMP-2026-0609,2026-04-12 08:00:00,LOC-106,New Orleans,La,227,208.12,18.879999999999995,18.879999999999995,Medium
SMP-2026-0610,2026-04-12 12:00:00,LOC-108,Philadelphia,Pa,302,393.5966666666667,-91.59666666666669,91.59666666666669,High
SMP-2026-0611,2026-04-12 16:00:00,LOC-105,Seattle,Wa,88,107.47666666666667,-19.476666666666674,19.476666666666674,Medium
SMP-2026-0612,2026-04-12 20:00:00,LOC-108,Philadelphia,Pa,530,505.80333333333334,24.19666666666666,24.19666666666666,High
SMP-2026-0613,2026-04-13 00:00:00,LOC-110,Annapolis,Md,193,178.12,14.879999999999995,14.879999999999995,Medium
SMP-2026-0614,2026-04-13 04:00:00,LOC-104,New York,Ny,411,301.05333333333334,109.94666666666666,109.94666666666666,Medium
SMP-2026-0615,2026-04-13 08:00:00,LOC-110,Annapolis,Md,709,656.5066666666667,52.49333333333334,52.49333333333334,High
SMP-2026-0616,2026-04-13 12:00:00,LOC-108,Philadelphia,Pa,220,258.05333333333334,-38.05333333333334,38.05333333333334,Medium
SMP-2026-0617,2026-04-13 16:00:00,LOC-110,Annapolis,Md,123,204.96333333333334,-81.96333333333334,81.96333333333334,Medium
SMP-2026-0618,2026-04-13 20:00:00,LOC-102,Chicago,Il,303,271.07,31.930000000000007,31.930000000000007,Medium
SMP-2026-0619,2026-04-14 00:00:00,LOC-105,Seattle,Wa,436,482.3066666666667,-46.30666666666667,46.30666666666667,High
SMP-2026-0620,2026-04-14 04:00:00,LOC-109,Cleveland,Oh,140,136.74666666666667,3.2533333333333303,3.2533333333333303,Medium
SMP-2026-0621,2026-04-14 08:00:00,LOC-104,New York,Ny,173,226.26333333333332,-53.26333333333332,53.26333333333332,Medium
SMP-2026-0622,2026-04-14 12:00:00,LOC-106,New Orleans,La,603,631.5333333333333,-28.533333333333303,28.533333333333303,High
SMP-2026-0623,2026-04-14 16:00:00,LOC-101,New York,Ny,595,596.6833333333333,-1.6833333333332803,1.6833333333332803,High
SMP-2026-0624,2026-04-14 20:00:00,LOC-109,Cleveland,Oh,321,309.5933333333333,11.406666666666695,11.406666666666695,Medium
SMP-2026-0625,2026-04-15 00:00:00,LOC-101,New York,Ny,541,528.3433333333334,12.656666666666638,12.656666666666638,High
SMP-2026-0626,2026-04-15 04:00:00,LOC-105,Seattle,Wa,575,575.0833333333334,-0.08333333333337123,0.08333333333337123,High
SMP-2026-0627,2026-04-15 08:00:00,LOC-104,New York,Ny,477,782.43,-305.42999999999995,305.42999999999995,Critical
SMP-2026-0628,2026-04-15 12:00:00,LOC-103,San Francisco,Ca,183,271.54,-88.54000000000002,88.54000000000002,Medium
SMP-2026-0629,2026-04-15 16:00:00,LOC-106,New Orleans,La,81,113.91,-32.91,32.91,Medium
SMP-2026-0630,2026-04-15 20:00:00,LOC-102,Chicago,Il,181,200.49666666666667,-19.49666666666667,19.49666666666667,Medium
SMP-2026-0631,2026-04-16 00:00:00,LOC-103,San Francisco,Ca,191,220.26333333333332,-29.26333333333332,29.26333333333332,Medium
SMP-2026-0632,2026-04-16 04:00:00,LOC-105,Seattle,Wa,437,405.64,31.360000000000014,31.360000000000014,High
SMP-2026-0633,2026-04-16 08:00:00,LOC-109,Cleveland,Oh,43,45.486666666666665,-2.4866666666666646,2.4866666666666646,Low
SMP-2026-0634,2026-04-16 12:00:00,LOC-102,Chicago,Il,568,487.2633333333333,80.73666666666668,80.73666666666668,High
SMP-2026-0635,2026-04-16 16:00:00,LOC-110,Annapolis,Md,393,348.01,44.99000000000001,44.99000000000001,Medium
SMP-2026-0636,2026-04-16 20:00:00,LOC-108,Philadelphia,Pa,172,221.53,-49.53,49.53,Medium
SMP-2026-0637,2026-04-17 00:00:00,LOC-102,Chicago,Il,363,628.03,-265.03,265.03,High
SMP-2026-0638,2026-04-17 04:00:00,LOC-105,Seattle,Wa,177,238.61,-61.610000000000014,61.610000000000014,Medium
SMP-2026-0639,2026-04-17 08:00:00,LOC-107,Miami,Fl,104,102.16333333333333,1.836666666666673,1.836666666666673,Medium
SMP-2026-0640,2026-04-17 12:00:00,LOC-108,Philadelphia,Pa,541,557.4933333333333,-16.49333333333334,16.49333333333334,High
SMP-2026-0641,2026-04-17 16:00:00,LOC-101,New York,Ny,37,44.82333333333333,-7.823333333333331,7.823333333333331,Low
SMP-2026-0642,2026-04-17 20:00:00,LOC-106,New Orleans,La,612,597.34,14.659999999999968,14.659999999999968,High
SMP-2026-0643,2026-04-18 00:00:00,LOC-101,New York,Ny,303,377.0133333333333,-74.01333333333332,74.01333333333332,High
SMP-2026-0644,2026-04-18 04:00:00,LOC-102,Chicago,Il,277,265.9266666666667,11.073333333333323,11.073333333333323,Medium
SMP-2026-0645,2026-04-18 08:00:00,LOC-101,New York,Ny,591,586.5333333333333,4.466666666666697,4.466666666666697,High
SMP-2026-0646,2026-04-18 12:00:00,LOC-105,Seattle,Wa,475,420.56,54.44,54.44,High
SMP-2026-0647,2026-04-18 16:00:00,LOC-110,Annapolis,Md,139,240.88666666666666,-101.88666666666666,101.88666666666666,Medium
SMP-2026-0648,2026-04-18 20:00:00,LOC-109,Cleveland,Oh,74,64.53666666666666,9.463333333333338,9.463333333333338,Low
SMP-2026-0649,2026-04-19 00:00:00,LOC-106,New Orleans,La,278,267.1566666666667,10.843333333333305,10.843333333333305,Medium
SMP-2026-0650,2026-04-19 04:00:00,LOC-101,New York,Ny,412,628.0133333333333,-216.01333333333332,216.01333333333332,High
SMP-2026-0651,2026-04-19 08:00:00,LOC-101,New York,Ny,176,310.89666666666665,-134.89666666666665,134.89666666666665,Medium
SMP-2026-0652,2026-04-19 12:00:00,LOC-102,Chicago,Il,355,348.76,6.240000000000009,6.240000000000009,Medium
SMP-2026-0653,2026-04-19 16:00:00,LOC-109,Cleveland,Oh,534,424.28333333333336,109.71666666666664,109.71666666666664,High
SMP-2026-0654,2026-04-19 20:00:00,LOC-103,San Francisco,Ca,606,523.71,82.28999999999996,82.28999999999996,High
SMP-2026-0655,2026-04-20 00:00:00,LOC-101,New York,Ny,65,65.97333333333333,-0.9733333333333292,0.9733333333333292,Low
SMP-2026-0656,2026-04-20 04:00:00,LOC-105,Seattle,Wa,388,344.31,43.69,43.69,Medium
SMP-2026-0657,2026-04-20 08:00:00,LOC-107,Miami,Fl,190,603.64,-413.64,413.64,High
SMP-2026-0658,2026-04-20 12:00:00,LOC-106,New Orleans,La,88,120.41333333333333,-32.41333333333333,32.41333333333333,Medium
SMP-2026-0659,2026-04-20 16:00:00,LOC-101,New York,Ny,243,208.42666666666668,34.57333333333332,34.57333333333332,Medium
SMP-2026-0660,2026-04-20 20:00:00,LOC-105,Seattle,Wa,33,33.47666666666667,-0.47666666666666657,0.47666666666666657,Low
SMP-2026-0661,2026-04-21 00:00:00,LOC-105,Seattle,Wa,297,344.0566666666667,-47.05666666666667,47.05666666666667,Medium
SMP-2026-0662,2026-04-21 04:00:00,LOC-106,New Orleans,La,817,764.1066666666667,52.89333333333332,52.89333333333332,Critical
SMP-2026-0663,2026-04-21 08:00:00,LOC-103,San Francisco,Ca,90,73.64666666666666,16.35333333333334,16.35333333333334,Low
SMP-2026-0664,2026-04-21 12:00:00,LOC-105,Seattle,Wa,196,194.62,1.3799999999999955,1.3799999999999955,Medium
SMP-2026-0665,2026-04-21 16:00:00,LOC-107,Miami,Fl,331,307.73333333333335,23.26666666666665,23.26666666666665,Medium
SMP-2026-0666,2026-04-21 20:00:00,LOC-105,Seattle,Wa,687,637.98,49.01999999999998,49.01999999999998,High
SMP-2026-0667,2026-04-22 00:00:00,LOC-105,Seattle,Wa,266,343.16333333333336,-77.16333333333336,77.16333333333336,Medium
SMP-2026-0668,2026-04-22 04:00:00,LOC-105,Seattle,Wa,429,399.44666666666666,29.55333333333334,29.55333333333334,High
SMP-2026-0669,2026-04-22 08:00:00,LOC-110,Annapolis,Md,322,604.18,-282.17999999999995,282.17999999999995,High
SMP-2026-0670,2026-04-22 12:00:00,LOC-110,Annapolis,Md,645,556.4733333333334,88.52666666666664,88.52666666666664,High
SMP-2026-0671,2026-04-22 16:00:00,LOC-103,San Francisco,Ca,589,675.2466666666667,-86.24666666666667,86.24666666666667,High
SMP-2026-0672,2026-04-22 20:00:00,LOC-101,New York,Ny,706,648.4566666666667,57.543333333333294,57.543333333333294,High
SMP-2026-0673,2026-04-23 00:00:00,LOC-105,Seattle,Wa,188,192.78666666666666,-4.786666666666662,4.786666666666662,Medium
SMP-2026-0674,2026-04-23 04:00:00,LOC-109,Cleveland,Oh,110,173.35,-63.349999999999994,63.349999999999994,Medium
SMP-2026-0675,2026-04-23 08:00:00,LOC-101,New York,Ny,81,101.41,-20.409999999999997,20.409999999999997,Medium
SMP-2026-0676,2026-04-23 12:00:00,LOC-103,San Francisco,Ca,406,340.53,65.47000000000003,65.47000000000003,Medium
SMP-2026-0677,2026-04-23 16:00:00,LOC-104,New York,Ny,1101,1019.9733333333334,81.02666666666664,81.02666666666664,Critical
SMP-2026-0678,2026-04-23 20:00:00,LOC-101,New York,Ny,231,325.56,-94.56,94.56,Medium
SMP-2026-0679,2026-04-24 00:00:00,LOC-101,New York,Ny,279,183.22333333333333,95.77666666666667,95.77666666666667,Medium
SMP-2026-0680,2026-04-24 04:00:00,LOC-108,Philadelphia,Pa,777,509.38,267.62,267.62,High
SMP-2026-0681,2026-04-24 08:00:00,LOC-102,Chicago,Il,449,401.67,47.329999999999984,47.329999999999984,High
SMP-2026-0682,2026-04-24 12:00:00,LOC-108,Philadelphia,Pa,63,95.3,-32.3,32.3,Low
SMP-2026-0683,2026-04-24 16:00:00,LOC-107,Miami,Fl,414,358.64666666666665,55.35333333333335,55.35333333333335,High
SMP-2026-0684,2026-04-24 20:00:00,LOC-110,Annapolis,Md,327,327.11,-0.11000000000001364,0.11000000000001364,Medium
SMP-2026-0685,2026-04-25 00:00:00,LOC-110,Annapolis,Md,777,661.4333333333333,115.56666666666672,115.56666666666672,High
SMP-2026-0686,2026-04-25 04:00:00,LOC-102,Chicago,Il,45,42.78666666666667,2.213333333333331,2.213333333333331,Low
SMP-2026-0687,2026-04-25 08:00:00,LOC-106,New Orleans,La,295,258.2966666666667,36.70333333333332,36.70333333333332,Medium
SMP-2026-0688,2026-04-25 12:00:00,LOC-106,New Orleans,La,462,385.32666666666665,76.67333333333335,76.67333333333335,High
SMP-2026-0689,2026-04-25 16:00:00,LOC-103,San Francisco,Ca,152,182.84666666666666,-30.846666666666664,30.846666666666664,Medium
SMP-2026-0690,2026-04-25 20:00:00,LOC-102,Chicago,Il,350,411.93,-61.93000000000001,61.93000000000001,High
SMP-2026-0691,2026-04-26 00:00:00,LOC-101,New York,Ny,262,296.0966666666667,-34.09666666666669,34.09666666666669,Medium
SMP-2026-0692,2026-04-26 04:00:00,LOC-106,New Orleans,La,105,175.96333333333334,-70.96333333333334,70.96333333333334,Medium
SMP-2026-0693,2026-04-26 08:00:00,LOC-105,Seattle,Wa,727,620.6266666666667,106.37333333333333,106.37333333333333,High
SMP-2026-0694,2026-04-26 12:00:00,LOC-109,Cleveland,Oh,559,503.6066666666667,55.39333333333332,55.39333333333332,High
SMP-2026-0695,2026-04-26 16:00:00,LOC-101,New York,Ny,160,136.76666666666668,23.23333333333332,23.23333333333332,Medium
SMP-2026-0696,2026-04-26 20:00:00,LOC-107,Miami,Fl,219,275.00333333333333,-56.00333333333333,56.00333333333333,Medium
SMP-2026-0697,2026-04-27 00:00:00,LOC-105,Seattle,Wa,572,548.8366666666667,23.1633333333333,23.1633333333333,High
SMP-2026-0698,2026-04-27 04:00:00,LOC-105,Seattle,Wa,182,580.8366666666667,-398.8366666666667,398.8366666666667,High
SMP-2026-0699,2026-04-27 08:00:00,LOC-102,Chicago,Il,71,102.52,-31.519999999999996,31.519999999999996,Medium
SMP-2026-0700,2026-04-27 12:00:00,LOC-103,San Francisco,Ca,284,445.85,-161.85000000000002,161.85000000000002,High
SMP-2026-0701,2026-04-27 16:00:00,LOC-107,Miami,Fl,418,393.46,24.54000000000002,24.54000000000002,High
SMP-2026-0702,2026-04-27 20:00:00,LOC-106,New Orleans,La,63,97.94666666666667,-34.94666666666667,34.94666666666667,Low
SMP-2026-0703,2026-04-28 00:00:00,LOC-102,Chicago,Il,183,176.3,6.699999999999989,6.699999999999989,Medium
SMP-2026-0704,2026-04-28 04:00:00,LOC-106,New Orleans,La,77,85.77333333333333,-8.773333333333326,8.773333333333326,Low
SMP-2026-0705,2026-04-28 08:00:00,LOC-102,Chicago,Il,840,760.9866666666667,79.01333333333332,79.01333333333332,Critical
SMP-2026-0706,2026-04-28 12:00:00,LOC-102,Chicago,Il,146,133.59,12.409999999999997,12.409999999999997,Medium
SMP-2026-0707,2026-04-28 16:00:00,LOC-102,Chicago,Il,168,156.51,11.490000000000009,11.490000000000009,Medium
SMP-2026-0708,2026-04-28 20:00:00,LOC-103,San Francisco,Ca,892,790.3033333333333,101.69666666666672,101.69666666666672,Critical
SMP-2026-0709,2026-04-29 00:00:00,LOC-102,Chicago,Il,400,359.87666666666667,40.123333333333335,40.123333333333335,High
SMP-2026-0710,2026-04-29 04:00:00,LOC-104,New York,Ny,59,59.413333333333334,-0.413333333333334,0.413333333333334,Low
SMP-2026-0711,2026-04-29 08:00:00,LOC-109,Cleveland,Oh,68,65.36666666666666,2.63333333333334,2.63333333333334,Low
SMP-2026-0712,2026-04-29 12:00:00,LOC-106,New Orleans,La,80,93.69666666666667,-13.696666666666673,13.696666666666673,Low
SMP-2026-0713,2026-04-29 16:00:00,LOC-101,New York,Ny,127,141.52666666666667,-14.52666666666667,14.52666666666667,Medium
SMP-2026-0714,2026-04-29 20:00:00,LOC-108,Philadelphia,Pa,295,527.1766666666666,-232.17666666666662,232.17666666666662,High
SMP-2026-0715,2026-04-30 00:00:00,LOC-107,Miami,Fl,158,137.09333333333333,20.906666666666666,20.906666666666666,Medium
SMP-2026-0716,2026-04-30 04:00:00,LOC-110,Annapolis,Md,105,109.46,-4.459999999999994,4.459999999999994,Medium
SMP-2026-0717,2026-04-30 08:00:00,LOC-103,San Francisco,Ca,786,555.1,230.89999999999998,230.89999999999998,High
SMP-2026-0718,2026-04-30 12:00:00,LOC-101,New York,Ny,742,646.14,95.86000000000001,95.86000000000001,High
SMP-2026-0719,2026-04-30 16:00:00,LOC-105,Seattle,Wa,279,299.11333333333334,-20.113333333333344,20.113333333333344,Medium
SMP-2026-0720,2026-04-30 20:00:00,LOC-104,New York,Ny,399,380.17333333333335,18.826666666666654,18.826666666666654,High
SMP-2026-0721,2026-05-01 00:00:00,LOC-110,Annapolis,Md,367,316.72333333333336,50.27666666666664,50.27666666666664,Medium
SMP-2026-0722,2026-05-01 04:00:00,LOC-108,Philadelphia,Pa,254,351.0,-97.0,97.0,High
SMP-2026-0723,2026-05-01 08:00:00,LOC-101,New York,Ny,507,474.4066666666667,32.593333333333305,32.593333333333305,High
SMP-2026-0724,2026-05-01 12:00:00,LOC-110,Annapolis,Md,180,234.55666666666667,-54.55666666666667,54.55666666666667,Medium
SMP-2026-0725,2026-05-01 16:00:00,LOC-101,New York,Ny,788,708.2666666666667,79.73333333333335,79.73333333333335,Critical
SMP-2026-0726,2026-05-01 20:00:00,LOC-104,New York,Ny,36,37.016666666666666,-1.0166666666666657,1.0166666666666657,Low
SMP-2026-0727,2026-05-02 00:00:00,LOC-108,Philadelphia,Pa,821,679.8466666666667,141.1533333333333,141.1533333333333,High
SMP-2026-0728,2026-05-02 04:00:00,LOC-105,Seattle,Wa,123,118.55666666666667,4.443333333333328,4.443333333333328,Medium
SMP-2026-0729,2026-05-02 08:00:00,LOC-102,Chicago,Il,330,449.53333333333336,-119.53333333333336,119.53333333333336,High
SMP-2026-0730,2026-05-02 12:00:00,LOC-106,New Orleans,La,291,335.8833333333333,-44.883333333333326,44.883333333333326,Medium
SMP-2026-0731,2026-05-02 16:00:00,LOC-105,Seattle,Wa,585,561.03,23.970000000000027,23.970000000000027,High
SMP-2026-0732,2026-05-02 20:00:00,LOC-102,Chicago,Il,140,131.07333333333332,8.926666666666677,8.926666666666677,Medium
SMP-2026-0733,2026-05-03 00:00:00,LOC-103,San Francisco,Ca,536,470.62666666666667,65.37333333333333,65.37333333333333,High
SMP-2026-0734,2026-05-03 04:00:00,LOC-109,Cleveland,Oh,357,368.93,-11.930000000000007,11.930000000000007,High
SMP-2026-0735,2026-05-03 08:00:00,LOC-107,Miami,Fl,393,446.12,-53.120000000000005,53.120000000000005,High
SMP-2026-0736,2026-05-03 12:00:00,LOC-107,Miami,Fl,412,405.11333333333334,6.886666666666656,6.886666666666656,High
SMP-2026-0737,2026-05-03 16:00:00,LOC-106,New Orleans,La,513,463.9,49.10000000000002,49.10000000000002,High
SMP-2026-0738,2026-05-03 20:00:00,LOC-108,Philadelphia,Pa,433,303.75333333333333,129.24666666666667,129.24666666666667,Medium
SMP-2026-0739,2026-05-04 00:00:00,LOC-104,New York,Ny,185,220.03666666666666,-35.03666666666666,35.03666666666666,Medium
SMP-2026-0740,2026-05-04 04:00:00,LOC-108,Philadelphia,Pa,451,411.05333333333334,39.94666666666666,39.94666666666666,High
SMP-2026-0741,2026-05-04 08:00:00,LOC-104,New York,Ny,127,120.42666666666666,6.573333333333338,6.573333333333338,Medium
SMP-2026-0742,2026-05-04 12:00:00,LOC-108,Philadelphia,Pa,1067,606.2133333333334,460.78666666666663,460.78666666666663,High
SMP-2026-0743,2026-05-04 16:00:00,LOC-109,Cleveland,Oh,782,664.0066666666667,117.99333333333334,117.99333333333334,High
SMP-2026-0744,2026-05-04 20:00:00,LOC-103,San Francisco,Ca,911,811.9133333333333,99.0866666666667,99.0866666666667,Critical
SMP-2026-0745,2026-05-05 00:00:00,LOC-103,San Francisco,Ca,236,212.99666666666667,23.00333333333333,23.00333333333333,Medium
SMP-2026-0746,2026-05-05 04:00:00,LOC-102,Chicago,Il,433,481.81333333333333,-48.81333333333333,48.81333333333333,High
SMP-2026-0747,2026-05-05 08:00:00,LOC-110,Annapolis,Md,817,738.6666666666666,78.33333333333337,78.33333333333337,Critical
SMP-2026-0748,2026-05-05 12:00:00,LOC-103,San Francisco,Ca,441,479.15,-38.14999999999998,38.14999999999998,High
SMP-2026-0749,2026-05-05 16:00:00,LOC-103,San Francisco,Ca,317,348.1166666666667,-31.116666666666674,31.116666666666674,Medium
SMP-2026-0750,2026-05-05 20:00:00,LOC-105,Seattle,Wa,196,280.5733333333333,-84.57333333333332,84.57333333333332,Medium
SMP-2026-0751,2026-05-06 00:00:00,LOC-105,Seattle,Wa,821,689.97,131.02999999999997,131.02999999999997,High
SMP-2026-0752,2026-05-06 04:00:00,LOC-102,Chicago,Il,203,272.3433333333333,-69.3433333333333,69.3433333333333,Medium
SMP-2026-0753,2026-05-06 08:00:00,LOC-110,Annapolis,Md,74,77.34666666666666,-3.346666666666664,3.346666666666664,Low
SMP-2026-0754,2026-05-06 12:00:00,LOC-106,New Orleans,La,233,272.64,-39.639999999999986,39.639999999999986,Medium
SMP-2026-0755,2026-05-06 16:00:00,LOC-105,Seattle,Wa,255,377.07666666666665,-122.07666666666665,122.07666666666665,High
SMP-2026-0756,2026-05-06 20:00:00,LOC-106,New Orleans,La,363,457.63666666666666,-94.63666666666666,94.63666666666666,High
SMP-2026-0757,2026-05-07 00:00:00,LOC-101,New York,Ny,970,887.4466666666667,82.55333333333328,82.55333333333328,Critical
SMP-2026-0758,2026-05-07 04:00:00,LOC-105,Seattle,Wa,634,526.78,107.22000000000003,107.22000000000003,High
SMP-2026-0759,2026-05-07 08:00:00,LOC-109,Cleveland,Oh,141,159.33666666666667,-18.336666666666673,18.336666666666673,Medium
SMP-2026-0760,2026-05-07 12:00:00,LOC-110,Annapolis,Md,191,180.84666666666666,10.153333333333336,10.153333333333336,Medium
SMP-2026-0761,2026-05-07 16:00:00,LOC-102,Chicago,Il,202,199.52333333333334,2.4766666666666595,2.4766666666666595,Medium
SMP-2026-0762,2026-05-07 20:00:00,LOC-101,New York,Ny,42,33.85333333333333,8.146666666666668,8.146666666666668,Low
SMP-2026-0763,2026-05-08 00:00:00,LOC-110,Annapolis,Md,384,343.6166666666667,40.383333333333326,40.383333333333326,Medium
SMP-2026-0764,2026-05-08 04:00:00,LOC-109,Cleveland,Oh,232,207.82,24.180000000000007,24.180000000000007,Medium
SMP-2026-0765,2026-05-08 08:00:00,LOC-110,Annapolis,Md,283,302.66,-19.660000000000025,19.660000000000025,Medium
SMP-2026-0766,2026-05-08 12:00:00,LOC-109,Cleveland,Oh,431,436.89666666666665,-5.896666666666647,5.896666666666647,High
SMP-2026-0767,2026-05-08 16:00:00,LOC-109,Cleveland,Oh,496,420.9166666666667,75.08333333333331,75.08333333333331,High
SMP-2026-0768,2026-05-08 20:00:00,LOC-106,New Orleans,La,702,643.0466666666666,58.953333333333376,58.953333333333376,High
SMP-2026-0769,2026-05-09 00:00:00,LOC-108,Philadelphia,Pa,209,269.73333333333335,-60.73333333333335,60.73333333333335,Medium
SMP-2026-0770,2026-05-09 04:00:00,LOC-101,New York,Ny,211,198.56,12.439999999999998,12.439999999999998,Medium
SMP-2026-0771,2026-05-09 08:00:00,LOC-110,Annapolis,Md,259,260.11333333333334,-1.113333333333344,1.113333333333344,Medium
SMP-2026-0772,2026-05-09 12:00:00,LOC-104,New York,Ny,106,102.88,3.1200000000000045,3.1200000000000045,Medium
SMP-2026-0773,2026-05-09 16:00:00,LOC-101,New York,Ny,264,261.87333333333333,2.126666666666665,2.126666666666665,Medium
SMP-2026-0774,2026-05-09 20:00:00,LOC-108,Philadelphia,Pa,330,401.5366666666667,-71.53666666666669,71.53666666666669,High
SMP-2026-0775,2026-05-10 00:00:00,LOC-101,New York,Ny,86,83.08666666666667,2.913333333333327,2.913333333333327,Low
SMP-2026-0776,2026-05-10 04:00:00,LOC-103,San Francisco,Ca,171,179.25,-8.25,8.25,Medium
SMP-2026-0777,2026-05-10 08:00:00,LOC-104,New York,Ny,190,230.38666666666666,-40.386666666666656,40.386666666666656,Medium
SMP-2026-0778,2026-05-10 12:00:00,LOC-108,Philadelphia,Pa,747,697.2933333333333,49.706666666666706,49.706666666666706,High
SMP-2026-0779,2026-05-10 16:00:00,LOC-106,New Orleans,La,784,678.7933333333333,105.2066666666667,105.2066666666667,High
SMP-2026-0780,2026-05-10 20:00:00,LOC-110,Annapolis,Md,210,357.94666666666666,-147.94666666666666,147.94666666666666,High
SMP-2026-0781,2026-05-11 00:00:00,LOC-107,Miami,Fl,123,122.34,0.6599999999999966,0.6599999999999966,Medium
SMP-2026-0782,2026-05-11 04:00:00,LOC-108,Philadelphia,Pa,445,494.88666666666666,-49.886666666666656,49.886666666666656,High
SMP-2026-0783,2026-05-11 08:00:00,LOC-102,Chicago,Il,409,445.9866666666667,-36.98666666666668,36.98666666666668,High
SMP-2026-0784,2026-05-11 12:00:00,LOC-110,Annapolis,Md,369,377.31666666666666,-8.316666666666663,8.316666666666663,High
SMP-2026-0785,2026-05-11 16:00:00,LOC-108,Philadelphia,Pa,553,626.67,-73.66999999999996,73.66999999999996,High
SMP-2026-0786,2026-05-11 20:00:00,LOC-103,San Francisco,Ca,342,301.04333333333335,40.95666666666665,40.95666666666665,Medium
SMP-2026-0787,2026-05-12 00:00:00,LOC-107,Miami,Fl,470,544.0266666666666,-74.02666666666664,74.02666666666664,High
SMP-2026-0788,2026-05-12 04:00:00,LOC-103,San Francisco,Ca,828,642.3333333333334,185.66666666666663,185.66666666666663,High
SMP-2026-0789,2026-05-12 08:00:00,LOC-107,Miami,Fl,23,28.223333333333333,-5.223333333333333,5.223333333333333,Low
SMP-2026-0790,2026-05-12 12:00:00,LOC-102,Chicago,Il,505,446.08,58.920000000000016,58.920000000000016,High
SMP-2026-0791,2026-05-12 16:00:00,LOC-110,Annapolis,Md,796,725.8766666666667,70.12333333333333,70.12333333333333,Critical
SMP-2026-0792,2026-05-12 20:00:00,LOC-106,New Orleans,La,120,111.54,8.459999999999994,8.459999999999994,Medium
SMP-2026-0793,2026-05-13 00:00:00,LOC-103,San Francisco,Ca,296,318.22,-22.220000000000027,22.220000000000027,Medium
SMP-2026-0794,2026-05-13 04:00:00,LOC-103,San Francisco,Ca,608,663.61,-55.610000000000014,55.610000000000014,High
SMP-2026-0795,2026-05-13 08:00:00,LOC-109,Cleveland,Oh,263,302.33666666666664,-39.336666666666645,39.336666666666645,Medium
SMP-2026-0796,2026-05-13 12:00:00,LOC-107,Miami,Fl,232,210.12666666666667,21.873333333333335,21.873333333333335,Medium
SMP-2026-0797,2026-05-13 16:00:00,LOC-105,Seattle,Wa,407,374.21666666666664,32.78333333333336,32.78333333333336,High
SMP-2026-0798,2026-05-13 20:00:00,LOC-110,Annapolis,Md,191,180.73,10.27000000000001,10.27000000000001,Medium
SMP-2026-0799,2026-05-14 00:00:00,LOC-107,Miami,Fl,485,439.45666666666665,45.54333333333335,45.54333333333335,High
SMP-2026-0800,2026-05-14 04:00:00,LOC-109,Cleveland,Oh,57,63.443333333333335,-6.443333333333335,6.443333333333335,Low
SMP-2026-0801,2026-05-14 08:00:00,LOC-101,New York,Ny,554,436.2366666666667,117.76333333333332,117.76333333333332,High
SMP-2026-0802,2026-05-14 12:00:00,LOC-107,Miami,Fl,442,407.66333333333336,34.336666666666645,34.336666666666645,High
SMP-2026-0803,2026-05-14 16:00:00,LOC-106,New Orleans,La,660,559.1133333333333,100.88666666666666,100.88666666666666,High
SMP-2026-0804,2026-05-14 20:00:00,LOC-110,Annapolis,Md,442,429.00333333333333,12.99666666666667,12.99666666666667,High
SMP-2026-0805,2026-05-15 00:00:00,LOC-109,Cleveland,Oh,334,365.83,-31.829999999999984,31.829999999999984,High
SMP-2026-0806,2026-05-15 04:00:00,LOC-101,New York,Ny,311,429.71,-118.70999999999998,118.70999999999998,High
SMP-2026-0807,2026-05-15 08:00:00,LOC-104,New York,Ny,165,150.56666666666666,14.433333333333337,14.433333333333337,Medium
SMP-2026-0808,2026-05-15 12:00:00,LOC-109,Cleveland,Oh,480,470.37666666666667,9.623333333333335,9.623333333333335,High
SMP-2026-0809,2026-05-15 16:00:00,LOC-104,New York,Ny,134,145.51666666666668,-11.51666666666668,11.51666666666668,Medium
SMP-2026-0810,2026-05-15 20:00:00,LOC-110,Annapolis,Md,1012,873.4866666666667,138.51333333333332,138.51333333333332,Critical
SMP-2026-0811,2026-05-16 00:00:00,LOC-103,San Francisco,Ca,28,91.31333333333333,-63.31333333333333,63.31333333333333,Low
SMP-2026-0812,2026-05-16 04:00:00,LOC-109,Cleveland,Oh,449,305.99333333333334,143.00666666666666,143.00666666666666,Medium
SMP-2026-0813,2026-05-16 08:00:00,LOC-102,Chicago,Il,809,721.8266666666667,87.17333333333329,87.17333333333329,Critical
SMP-2026-0814,2026-05-16 12:00:00,LOC-104,New York,Ny,495,428.56,66.44,66.44,High
SMP-2026-0815,2026-05-16 16:00:00,LOC-106,New Orleans,La,120,110.21,9.790000000000006,9.790000000000006,Medium
SMP-2026-0816,2026-05-16 20:00:00,LOC-102,Chicago,Il,340,336.82666666666665,3.173333333333346,3.173333333333346,Medium
SMP-2026-0817,2026-05-17 00:00:00,LOC-108,Philadelphia,Pa,306,456.6766666666667,-150.67666666666668,150.67666666666668,High
SMP-2026-0818,2026-05-17 04:00:00,LOC-108,Philadelphia,Pa,646,577.6766666666666,68.32333333333338,68.32333333333338,High
SMP-2026-0819,2026-05-17 08:00:00,LOC-101,New York,Ny,213,232.4,-19.400000000000006,19.400000000000006,Medium
SMP-2026-0820,2026-05-17 12:00:00,LOC-103,San Francisco,Ca,245,273.3666666666667,-28.366666666666674,28.366666666666674,Medium
SMP-2026-0821,2026-05-17 16:00:00,LOC-110,Annapolis,Md,441,347.7366666666667,93.26333333333332,93.26333333333332,Medium
SMP-2026-0822,2026-05-17 20:00:00,LOC-109,Cleveland,Oh,360,394.99,-34.99000000000001,34.99000000000001,High
SMP-2026-0823,2026-05-18 00:00:00,LOC-105,Seattle,Wa,635,408.37,226.63,226.63,High
SMP-2026-0824,2026-05-18 04:00:00,LOC-106,New Orleans,La,543,408.6933333333333,134.30666666666667,134.30666666666667,High
SMP-2026-0825,2026-05-18 08:00:00,LOC-104,New York,Ny,280,236.21,43.78999999999999,43.78999999999999,Medium
SMP-2026-0826,2026-05-18 12:00:00,LOC-110,Annapolis,Md,34,33.21,0.7899999999999991,0.7899999999999991,Low
SMP-2026-0827,2026-05-18 16:00:00,LOC-102,Chicago,Il,207,149.15333333333334,57.846666666666664,57.846666666666664,Medium
SMP-2026-0828,2026-05-18 20:00:00,LOC-108,Philadelphia,Pa,147,137.65,9.349999999999994,9.349999999999994,Medium
SMP-2026-0829,2026-05-19 00:00:00,LOC-106,New Orleans,La,367,369.0833333333333,-2.0833333333333144,2.0833333333333144,High
SMP-2026-0830,2026-05-19 04:00:00,LOC-105,Seattle,Wa,322,397.6766666666667,-75.67666666666668,75.67666666666668,High
SMP-2026-0831,2026-05-19 08:00:00,LOC-109,Cleveland,Oh,248,221.74666666666667,26.25333333333333,26.25333333333333,Medium
SMP-2026-0832,2026-05-19 12:00:00,LOC-101,New York,Ny,944,853.96,90.03999999999996,90.03999999999996,Critical
SMP-2026-0833,2026-05-19 16:00:00,LOC-105,Seattle,Wa,36,33.416666666666664,2.5833333333333357,2.5833333333333357,Low
SMP-2026-0834,2026-05-19 20:00:00,LOC-106,New Orleans,La,225,364.73333333333335,-139.73333333333335,139.73333333333335,High
SMP-2026-0835,2026-05-20 00:00:00,LOC-105,Seattle,Wa,518,470.12333333333333,47.876666666666665,47.876666666666665,High
SMP-2026-0836,2026-05-20 04:00:00,LOC-106,New Orleans,La,123,178.97666666666666,-55.97666666666666,55.97666666666666,Medium
SMP-2026-0837,2026-05-20 08:00:00,LOC-106,New Orleans,La,89,81.16333333333333,7.836666666666673,7.836666666666673,Low
SMP-2026-0838,2026-05-20 12:00:00,LOC-107,Miami,Fl,710,427.37666666666667,282.62333333333333,282.62333333333333,High
SMP-2026-0839,2026-05-20 16:00:00,LOC-104,New York,Ny,171,224.98,-53.97999999999999,53.97999999999999,Medium
SMP-2026-0840,2026-05-20 20:00:00,LOC-108,Philadelphia,Pa,799,719.2233333333334,79.77666666666664,79.77666666666664,Critical
SMP-2026-0841,2026-05-21 00:00:00,LOC-107,Miami,Fl,184,262.39,-78.38999999999999,78.38999999999999,Medium
SMP-2026-0842,2026-05-21 04:00:00,LOC-109,Cleveland,Oh,845,743.9033333333333,101.09666666666669,101.09666666666669,Critical
SMP-2026-0843,2026-05-21 08:00:00,LOC-107,Miami,Fl,146,153.64333333333335,-7.643333333333345,7.643333333333345,Medium
SMP-2026-0844,2026-05-21 12:00:00,LOC-103,San Francisco,Ca,627,642.66,-15.659999999999968,15.659999999999968,High
SMP-2026-0845,2026-05-21 16:00:00,LOC-103,San Francisco,Ca,371,396.71666666666664,-25.71666666666664,25.71666666666664,High
SMP-2026-0846,2026-05-21 20:00:00,LOC-108,Philadelphia,Pa,284,570.3733333333333,-286.37333333333333,286.37333333333333,High
SMP-2026-0847,2026-05-22 00:00:00,LOC-105,Seattle,Wa,160,165.94,-5.939999999999998,5.939999999999998,Medium
SMP-2026-0848,2026-05-22 04:00:00,LOC-104,New York,Ny,240,353.16333333333336,-113.16333333333336,113.16333333333336,High
SMP-2026-0849,2026-05-22 08:00:00,LOC-108,Philadelphia,Pa,393,366.85,26.149999999999977,26.149999999999977,High
SMP-2026-0850,2026-05-22 12:00:00,LOC-106,New Orleans,La,209,522.1833333333333,-313.1833333333333,313.1833333333333,High
SMP-2026-0851,2026-05-22 16:00:00,LOC-102,Chicago,Il,254,271.24333333333334,-17.24333333333334,17.24333333333334,Medium
SMP-2026-0852,2026-05-22 20:00:00,LOC-104,New York,Ny,929,850.87,78.13,78.13,Critical
SMP-2026-0853,2026-05-23 00:00:00,LOC-104,New York,Ny,110,104.12333333333333,5.876666666666665,5.876666666666665,Medium
SMP-2026-0854,2026-05-23 04:00:00,LOC-106,New Orleans,La,842,727.56,114.44000000000005,114.44000000000005,Critical
SMP-2026-0855,2026-05-23 08:00:00,LOC-106,New Orleans,La,932,782.2366666666667,149.76333333333332,149.76333333333332,Critical
SMP-2026-0856,2026-05-23 12:00:00,LOC-101,New York,Ny,282,415.7033333333333,-133.70333333333332,133.70333333333332,High
SMP-2026-0857,2026-05-23 16:00:00,LOC-108,Philadelphia,Pa,200,246.04666666666665,-46.04666666666665,46.04666666666665,Medium
SMP-2026-0858,2026-05-23 20:00:00,LOC-106,New Orleans,La,340,325.73,14.269999999999982,14.269999999999982,Medium
SMP-2026-0859,2026-05-24 00:00:00,LOC-103,San Francisco,Ca,1056,957.44,98.55999999999995,98.55999999999995,Critical
SMP-2026-0860,2026-05-24 04:00:00,LOC-109,Cleveland,Oh,286,191.26,94.74000000000001,94.74000000000001,Medium
SMP-2026-0861,2026-05-24 08:00:00,LOC-102,Chicago,Il,169,236.44333333333333,-67.44333333333333,67.44333333333333,Medium
SMP-2026-0862,2026-05-24 12:00:00,LOC-108,Philadelphia,Pa,380,403.44666666666666,-23.44666666666666,23.44666666666666,High
SMP-2026-0863,2026-05-24 16:00:00,LOC-110,Annapolis,Md,312,416.62,-104.62,104.62,High
SMP-2026-0864,2026-05-24 20:00:00,LOC-103,San Francisco,Ca,220,196.95666666666668,23.043333333333322,23.043333333333322,Medium
SMP-2026-0865,2026-05-25 00:00:00,LOC-105,Seattle,Wa,547,501.3466666666667,45.65333333333331,45.65333333333331,High
SMP-2026-0866,2026-05-25 04:00:00,LOC-106,New Orleans,La,297,605.6866666666666,-308.6866666666666,308.6866666666666,High
SMP-2026-0867,2026-05-25 08:00:00,LOC-110,Annapolis,Md,57,66.45666666666666,-9.456666666666663,9.456666666666663,Low
SMP-2026-0868,2026-05-25 12:00:00,LOC-106,New Orleans,La,792,642.7866666666666,149.21333333333337,149.21333333333337,High
SMP-2026-0869,2026-05-25 16:00:00,LOC-104,New York,Ny,60,59.52,0.4799999999999969,0.4799999999999969,Low
SMP-2026-0870,2026-05-25 20:00:00,LOC-103,San Francisco,Ca,103,185.52,-82.52000000000001,82.52000000000001,Medium
SMP-2026-0871,2026-05-26 00:00:00,LOC-104,New York,Ny,45,41.42333333333333,3.576666666666668,3.576666666666668,Low
SMP-2026-0872,2026-05-26 04:00:00,LOC-101,New York,Ny,87,86.72333333333333,0.27666666666667084,0.27666666666667084,Low
SMP-2026-0873,2026-05-26 08:00:00,LOC-104,New York,Ny,892,852.8666666666667,39.133333333333326,39.133333333333326,Critical
SMP-2026-0874,2026-05-26 12:00:00,LOC-101,New York,Ny,363,311.23333333333335,51.76666666666665,51.76666666666665,Medium
SMP-2026-0875,2026-05-26 16:00:00,LOC-101,New York,Ny,185,243.11666666666667,-58.116666666666674,58.116666666666674,Medium
SMP-2026-0876,2026-05-26 20:00:00,LOC-110,Annapolis,Md,95,119.41,-24.409999999999997,24.409999999999997,Medium
SMP-2026-0877,2026-05-27 00:00:00,LOC-106,New Orleans,La,556,482.71666666666664,73.28333333333336,73.28333333333336,High
SMP-2026-0878,2026-05-27 04:00:00,LOC-105,Seattle,Wa,235,324.1666666666667,-89.16666666666669,89.16666666666669,Medium
SMP-2026-0879,2026-05-27 08:00:00,LOC-104,New York,Ny,397,345.6933333333333,51.30666666666667,51.30666666666667,Medium
SMP-2026-0880,2026-05-27 12:00:00,LOC-103,San Francisco,Ca,311,296.32666666666665,14.673333333333346,14.673333333333346,Medium
SMP-2026-0881,2026-05-27 16:00:00,LOC-101,New York,Ny,901,768.2433333333333,132.75666666666666,132.75666666666666,Critical
SMP-2026-0882,2026-05-27 20:00:00,LOC-106,New Orleans,La,207,233.14,-26.139999999999986,26.139999999999986,Medium
SMP-2026-0883,2026-05-28 00:00:00,LOC-102,Chicago,Il,274,284.93,-10.930000000000007,10.930000000000007,Medium
SMP-2026-0884,2026-05-28 04:00:00,LOC-108,Philadelphia,Pa,264,214.56,49.44,49.44,Medium
SMP-2026-0885,2026-05-28 08:00:00,LOC-110,Annapolis,Md,218,556.38,-338.38,338.38,High
SMP-2026-0886,2026-05-28 12:00:00,LOC-105,Seattle,Wa,379,345.81333333333333,33.18666666666667,33.18666666666667,Medium
SMP-2026-0887,2026-05-28 16:00:00,LOC-107,Miami,Fl,528,474.47,53.52999999999997,53.52999999999997,High
SMP-2026-0888,2026-05-28 20:00:00,LOC-110,Annapolis,Md,176,188.47333333333333,-12.47333333333333,12.47333333333333,Medium
SMP-2026-0889,2026-05-29 00:00:00,LOC-102,Chicago,Il,923,832.0733333333334,90.92666666666662,90.92666666666662,Critical
SMP-2026-0890,2026-05-29 04:00:00,LOC-108,Philadelphia,Pa,143,189.28666666666666,-46.28666666666666,46.28666666666666,Medium
SMP-2026-0891,2026-05-29 08:00:00,LOC-102,Chicago,Il,421,470.71,-49.70999999999998,49.70999999999998,High
SMP-2026-0892,2026-05-29 12:00:00,LOC-104,New York,Ny,499,418.13,80.87,80.87,High
SMP-2026-0893,2026-05-29 16:00:00,LOC-101,New York,Ny,256,191.32333333333332,64.67666666666668,64.67666666666668,Medium
SMP-2026-0894,2026-05-29 20:00:00,LOC-105,Seattle,Wa,566,564.6033333333334,1.396666666666647,1.396666666666647,High
SMP-2026-0895,2026-05-30 00:00:00,LOC-109,Cleveland,Oh,385,345.5,39.5,39.5,Medium
SMP-2026-0896,2026-05-30 04:00:00,LOC-101,New York,Ny,617,623.6166666666667,-6.616666666666674,6.616666666666674,High
SMP-2026-0897,2026-05-30 08:00:00,LOC-109,Cleveland,Oh,470,518.0533333333333,-48.053333333333285,48.053333333333285,High
SMP-2026-0898,2026-05-30 12:00:00,LOC-108,Philadelphia,Pa,421,498.1433333333333,-77.14333333333332,77.14333333333332,High
SMP-2026-0899,2026-05-30 16:00:00,LOC-106,New Orleans,La,67,66.05,0.9500000000000028,0.9500000000000028,Low
SMP-2026-0900,2026-05-30 20:00:00,LOC-107,Miami,Fl,320,538.48,-218.48000000000002,218.48000000000002,High
SMP-2026-0901,2026-05-31 00:00:00,LOC-103,San Francisco,Ca,326,332.9166666666667,-6.916666666666686,6.916666666666686,Medium
SMP-2026-0902,2026-05-31 04:00:00,LOC-101,New York,Ny,657,591.13,65.87,65.87,High
SMP-2026-0903,2026-05-31 08:00:00,LOC-105,Seattle,Wa,587,374.52666666666664,212.47333333333336,212.47333333333336,High
SMP-2026-0904,2026-05-31 12:00:00,LOC-102,Chicago,Il,581,603.27,-22.269999999999982,22.269999999999982,High
SMP-2026-0905,2026-05-31 16:00:00,LOC-105,Seattle,Wa,257,282.76666666666665,-25.76666666666665,25.76666666666665,Medium
SMP-2026-0906,2026-05-31 20:00:00,LOC-108,Philadelphia,Pa,225,276.42,-51.420000000000016,51.420000000000016,Medium
SMP-2026-0907,2026-06-01 00:00:00,LOC-109,Cleveland,Oh,148,141.59333333333333,6.406666666666666,6.406666666666666,Medium
SMP-2026-0908,2026-06-01 04:00:00,LOC-102,Chicago,Il,704,624.5266666666666,79.47333333333336,79.47333333333336,High
SMP-2026-0909,2026-06-01 08:00:00,LOC-103,San Francisco,Ca,338,332.56,5.439999999999998,5.439999999999998,Medium
SMP-2026-0910,2026-06-01 12:00:00,LOC-103,San Francisco,Ca,461,414.71666666666664,46.28333333333336,46.28333333333336,High
SMP-2026-0911,2026-06-01 16:00:00,LOC-101,New York,Ny,299,395.9433333333333,-96.94333333333333,96.94333333333333,High
SMP-2026-0912,2026-06-01 20:00:00,LOC-108,Philadelphia,Pa,633,536.9233333333333,96.07666666666671,96.07666666666671,High
SMP-2026-0913,2026-06-02 00:00:00,LOC-106,New Orleans,La,176,165.32333333333332,10.676666666666677,10.676666666666677,Medium
SMP-2026-0914,2026-06-02 04:00:00,LOC-108,Philadelphia,Pa,219,313.4266666666667,-94.42666666666668,94.42666666666668,Medium
SMP-2026-0915,2026-06-02 08:00:00,LOC-109,Cleveland,Oh,285,301.30333333333334,-16.30333333333334,16.30333333333334,Medium
SMP-2026-0916,2026-06-02 12:00:00,LOC-105,Seattle,Wa,488,455.3466666666667,32.65333333333331,32.65333333333331,High
SMP-2026-0917,2026-06-02 16:00:00,LOC-103,San Francisco,Ca,56,54.943333333333335,1.0566666666666649,1.0566666666666649,Low
SMP-2026-0918,2026-06-02 20:00:00,LOC-105,Seattle,Wa,119,162.68333333333334,-43.68333333333334,43.68333333333334,Medium
SMP-2026-0919,2026-06-03 00:00:00,LOC-105,Seattle,Wa,272,253.58,18.419999999999987,18.419999999999987,Medium
SMP-2026-0920,2026-06-03 04:00:00,LOC-105,Seattle,Wa,245,344.41333333333336,-99.41333333333336,99.41333333333336,Medium
SMP-2026-0921,2026-06-03 08:00:00,LOC-103,San Francisco,Ca,23,26.58,-3.5799999999999983,3.5799999999999983,Low
SMP-2026-0922,2026-06-03 12:00:00,LOC-110,Annapolis,Md,325,322.02666666666664,2.9733333333333576,2.9733333333333576,Medium
SMP-2026-0923,2026-06-03 16:00:00,LOC-104,New York,Ny,808,741.7333333333333,66.26666666666665,66.26666666666665,Critical
SMP-2026-0924,2026-06-03 20:00:00,LOC-109,Cleveland,Oh,137,128.59666666666666,8.403333333333336,8.403333333333336,Medium
SMP-2026-0925,2026-06-04 00:00:00,LOC-110,Annapolis,Md,296,407.75333333333333,-111.75333333333333,111.75333333333333,High
SMP-2026-0926,2026-06-04 04:00:00,LOC-109,Cleveland,Oh,195,326.1433333333333,-131.14333333333332,131.14333333333332,Medium
SMP-2026-0927,2026-06-04 08:00:00,LOC-102,Chicago,Il,633,669.5266666666666,-36.52666666666664,36.52666666666664,High
SMP-2026-0928,2026-06-04 12:00:00,LOC-108,Philadelphia,Pa,201,315.05,-114.05000000000001,114.05000000000001,Medium
SMP-2026-0929,2026-06-04 16:00:00,LOC-108,Philadelphia,Pa,245,365.9166666666667,-120.91666666666669,120.91666666666669,High
SMP-2026-0930,2026-06-04 20:00:00,LOC-107,Miami,Fl,447,490.68333333333334,-43.68333333333334,43.68333333333334,High
SMP-2026-0931,2026-06-05 00:00:00,LOC-108,Philadelphia,Pa,307,333.61333333333334,-26.613333333333344,26.613333333333344,Medium
SMP-2026-0932,2026-06-05 04:00:00,LOC-103,San Francisco,Ca,403,480.37,-77.37,77.37,High
SMP-2026-0933,2026-06-05 08:00:00,LOC-106,New Orleans,La,39,36.163333333333334,2.836666666666666,2.836666666666666,Low
SMP-2026-0934,2026-06-05 12:00:00,LOC-101,New York,Ny,274,393.3066666666667,-119.30666666666667,119.30666666666667,High
SMP-2026-0935,2026-06-05 16:00:00,LOC-107,Miami,Fl,180,246.59333333333333,-66.59333333333333,66.59333333333333,Medium
SMP-2026-0936,2026-06-05 20:00:00,LOC-101,New York,Ny,495,443.9533333333333,51.04666666666668,51.04666666666668,High
SMP-2026-0937,2026-06-06 00:00:00,LOC-109,Cleveland,Oh,110,221.83666666666667,-111.83666666666667,111.83666666666667,Medium
SMP-2026-0938,2026-06-06 04:00:00,LOC-101,New York,Ny,616,599.22,16.779999999999973,16.779999999999973,High
SMP-2026-0939,2026-06-06 08:00:00,LOC-101,New York,Ny,43,74.22333333333333,-31.22333333333333,31.22333333333333,Low
SMP-2026-0940,2026-06-06 12:00:00,LOC-107,Miami,Fl,542,525.7833333333333,16.216666666666697,16.216666666666697,High
SMP-2026-0941,2026-06-06 16:00:00,LOC-102,Chicago,Il,339,429.92,-90.92000000000002,90.92000000000002,High
SMP-2026-0942,2026-06-06 20:00:00,LOC-105,Seattle,Wa,95,172.06,-77.06,77.06,Medium
SMP-2026-0943,2026-06-07 00:00:00,LOC-108,Philadelphia,Pa,616,578.7933333333333,37.206666666666706,37.206666666666706,High
SMP-2026-0944,2026-06-07 04:00:00,LOC-108,Philadelphia,Pa,855,731.6,123.39999999999998,123.39999999999998,Critical
SMP-2026-0945,2026-06-07 08:00:00,LOC-103,San Francisco,Ca,191,273.05333333333334,-82.05333333333334,82.05333333333334,Medium
SMP-2026-0946,2026-06-07 12:00:00,LOC-107,Miami,Fl,249,252.29,-3.289999999999992,3.289999999999992,Medium
SMP-2026-0947,2026-06-07 16:00:00,LOC-103,San Francisco,Ca,261,251.14333333333335,9.856666666666655,9.856666666666655,Medium
SMP-2026-0948,2026-06-07 20:00:00,LOC-106,New Orleans,La,174,170.18666666666667,3.8133333333333326,3.8133333333333326,Medium
SMP-2026-0949,2026-06-08 00:00:00,LOC-106,New Orleans,La,329,257.8333333333333,71.16666666666669,71.16666666666669,Medium
SMP-2026-0950,2026-06-08 04:00:00,LOC-103,San Francisco,Ca,370,451.69,-81.69,81.69,High
SMP-2026-0951,2026-06-08 08:00:00,LOC-107,Miami,Fl,122,104.40333333333334,17.596666666666664,17.596666666666664,Medium
SMP-2026-0952,2026-06-08 12:00:00,LOC-103,San Francisco,Ca,489,542.4466666666667,-53.446666666666715,53.446666666666715,High
SMP-2026-0953,2026-06-08 16:00:00,LOC-108,Philadelphia,Pa,205,227.80333333333334,-22.80333333333334,22.80333333333334,Medium
SMP-2026-0954,2026-06-08 20:00:00,LOC-110,Annapolis,Md,553,480.07,72.93,72.93,High
SMP-2026-0955,2026-06-09 00:00:00,LOC-104,New York,Ny,596,594.3866666666667,1.613333333333344,1.613333333333344,High
SMP-2026-0956,2026-06-09 04:00:00,LOC-101,New York,Ny,633,631.7433333333333,1.2566666666666606,1.2566666666666606,High
SMP-2026-0957,2026-06-09 08:00:00,LOC-104,New York,Ny,333,285.18333333333334,47.81666666666666,47.81666666666666,Medium
SMP-2026-0958,2026-06-09 12:00:00,LOC-107,Miami,Fl,365,367.21,-2.2099999999999795,2.2099999999999795,High
SMP-2026-0959,2026-06-09 16:00:00,LOC-104,New York,Ny,175,227.32333333333332,-52.32333333333332,52.32333333333332,Medium
SMP-2026-0960,2026-06-09 20:00:00,LOC-106,New Orleans,La,43,34.89,8.11,8.11,Low
SMP-2026-0961,2026-06-10 00:00:00,LOC-109,Cleveland,Oh,128,180.26,-52.25999999999999,52.25999999999999,Medium
SMP-2026-0962,2026-06-10 04:00:00,LOC-101,New York,Ny,462,425.59,36.410000000000025,36.410000000000025,High
SMP-2026-0963,2026-06-10 08:00:00,LOC-105,Seattle,Wa,488,407.1166666666667,80.88333333333333,80.88333333333333,High
SMP-2026-0964,2026-06-10 12:00:00,LOC-107,Miami,Fl,432,498.7866666666667,-66.78666666666669,66.78666666666669,High
SMP-2026-0965,2026-06-10 16:00:00,LOC-101,New York,Ny,260,261.3066666666667,-1.306666666666672,1.306666666666672,Medium
SMP-2026-0966,2026-06-10 20:00:00,LOC-104,New York,Ny,149,233.73666666666668,-84.73666666666668,84.73666666666668,Medium
SMP-2026-0967,2026-06-11 00:00:00,LOC-106,New Orleans,La,129,198.02666666666667,-69.02666666666667,69.02666666666667,Medium
SMP-2026-0968,2026-06-11 04:00:00,LOC-102,Chicago,Il,804,688.9633333333334,115.03666666666663,115.03666666666663,High
SMP-2026-0969,2026-06-11 08:00:00,LOC-110,Annapolis,Md,316,435.61,-119.61000000000001,119.61000000000001,High
SMP-2026-0970,2026-06-11 12:00:00,LOC-105,Seattle,Wa,354,350.18666666666667,3.8133333333333326,3.8133333333333326,High
SMP-2026-0971,2026-06-11 16:00:00,LOC-110,Annapolis,Md,780,694.58,85.41999999999996,85.41999999999996,High
SMP-2026-0972,2026-06-11 20:00:00,LOC-101,New York,Ny,324,291.00666666666666,32.99333333333334,32.99333333333334,Medium
SMP-2026-0973,2026-06-12 00:00:00,LOC-106,New Orleans,La,397,382.9266666666667,14.073333333333323,14.073333333333323,High
SMP-2026-0974,2026-06-12 04:00:00,LOC-106,New Orleans,La,277,245.46333333333334,31.53666666666666,31.53666666666666,Medium
SMP-2026-0975,2026-06-12 08:00:00,LOC-104,New York,Ny,368,281.1433333333333,86.85666666666668,86.85666666666668,Medium
SMP-2026-0976,2026-06-12 12:00:00,LOC-108,Philadelphia,Pa,825,693.5833333333334,131.41666666666663,131.41666666666663,High
SMP-2026-0977,2026-06-12 16:00:00,LOC-104,New York,Ny,692,688.2566666666667,3.7433333333333394,3.7433333333333394,High
SMP-2026-0978,2026-06-12 20:00:00,LOC-108,Philadelphia,Pa,124,135.23666666666668,-11.236666666666679,11.236666666666679,Medium
SMP-2026-0979,2026-06-13 00:00:00,LOC-108,Philadelphia,Pa,180,402.19666666666666,-222.19666666666666,222.19666666666666,High
SMP-2026-0980,2026-06-13 04:00:00,LOC-105,Seattle,Wa,203,268.37333333333333,-65.37333333333333,65.37333333333333,Medium
SMP-2026-0981,2026-06-13 08:00:00,LOC-104,New York,Ny,110,120.45333333333333,-10.453333333333333,10.453333333333333,Medium
SMP-2026-0982,2026-06-13 12:00:00,LOC-102,Chicago,Il,253,227.25666666666666,25.74333333333334,25.74333333333334,Medium
SMP-2026-0983,2026-06-13 16:00:00,LOC-103,San Francisco,Ca,340,311.68,28.319999999999993,28.319999999999993,Medium
SMP-2026-0984,2026-06-13 20:00:00,LOC-103,San Francisco,Ca,223,197.57666666666665,25.423333333333346,25.423333333333346,Medium
SMP-2026-0985,2026-06-14 00:00:00,LOC-104,New York,Ny,187,194.27,-7.27000000000001,7.27000000000001,Medium
SMP-2026-0986,2026-06-14 04:00:00,LOC-104,New York,Ny,283,238.58333333333334,44.41666666666666,44.41666666666666,Medium
SMP-2026-0987,2026-06-14 08:00:00,LOC-110,Annapolis,Md,361,295.5833333333333,65.41666666666669,65.41666666666669,Medium
SMP-2026-0988,2026-06-14 12:00:00,LOC-105,Seattle,Wa,628,569.6566666666666,58.34333333333336,58.34333333333336,High
SMP-2026-0989,2026-06-14 16:00:00,LOC-104,New York,Ny,327,358.5733333333333,-31.573333333333323,31.573333333333323,High
SMP-2026-0990,2026-06-14 20:00:00,LOC-110,Annapolis,Md,660,710.6866666666666,-50.68666666666661,50.68666666666661,Critical
SMP-2026-0991,2026-06-15 00:00:00,LOC-108,Philadelphia,Pa,439,388.07666666666665,50.923333333333346,50.923333333333346,High
SMP-2026-0992,2026-06-15 04:00:00,LOC-106,New Orleans,La,397,449.4,-52.39999999999998,52.39999999999998,High
SMP-2026-0993,2026-06-15 08:00:00,LOC-106,New Orleans,La,933,813.1966666666667,119.80333333333328,119.80333333333328,Critical
SMP-2026-0994,2026-06-15 12:00:00,LOC-108,Philadelphia,Pa,321,389.56666666666666,-68.56666666666666,68.56666666666666,High
SMP-2026-0995,2026-06-15 16:00:00,LOC-107,Miami,Fl,394,367.1666666666667,26.833333333333314,26.833333333333314,High
SMP-2026-0996,2026-06-15 20:00:00,LOC-110,Annapolis,Md,623,534.5833333333334,88.41666666666663,88.41666666666663,High
SMP-2026-0997,2026-06-16 00:00:00,LOC-110,Annapolis,Md,206,196.6,9.400000000000006,9.400000000000006,Medium
SMP-2026-0998,2026-06-16 04:00:00,LOC-108,Philadelphia,Pa,230,245.68333333333334,-15.683333333333337,15.683333333333337,Medium
SMP-2026-0999,2026-06-16 08:00:00,LOC-102,Chicago,Il,604,358.92333333333335,245.07666666666665,245.07666666666665,High
SMP-2026-1000,2026-06-16 12:00:00,LOC-109,Cleveland,Oh,473,437.64666666666665,35.35333333333335,35.35333333333335,High
